"","ID","Description","setSize","enrichmentScore","NES","pvalue","p.adjust","qvalue","rank","leading_edge","core_enrichment"
"GOCC_SIDE_OF_MEMBRANE","GOCC_SIDE_OF_MEMBRANE","GOCC_SIDE_OF_MEMBRANE",445,0.653812460699747,2.17079912287751,2.44089780546721e-21,2.05670049088667e-17,1.78057071493555e-17,1807,"tags=38%, list=13%, signal=34%","HLA-DRA/HLA-DRB5/FCER2/LY6G5B/HLA-C/CXCR4/CD69/CD22/TNFRSF13C/EEF1A2/GP1BA/CXCR5/XCR1/CLEC17A/CD163/HLA-B/HLA-DRB1/CD79B/CD40LG/SERPINA5/SCARA5/CD28/CD83/IL21R/CD5/MS4A1/CNR2/VCAM1/PTPRC/SPN/CD19/CD6/FOLR2/IL2RA/HLA-F/CARMIL2/CCR9/BLK/CD40/HLA-E/CD244/CCR6/CLEC7A/CCR4/CANX/CD1C/HLA-DPB1/CCR7/CD209/GNB5/GFRA2/IL7R/TGM3/ITGA4/CLEC2D/GFRA3/SLA/MSR1/S1PR1/GFRA1/FGR/TRBC1/CD2/RASAL3/NCAM1/CSF3R/SLAMF1/PDCD1/LY9/CD3E/ITGAL/FCGR2B/LCK/PDGFRA/ITGB2/FYN/CD4/CXCL12/CD3G/KCNAB2/CD74/CTLA4/GNG13/SCNN1G/GNAZ/ANTXR1/CD48/CD79A/SLAMF6/CD3D/CD84/GNB4/GP2/ACKR3/IL12RB2/F10/CD226/CCR2/BTN2A2/HLA-DPA1/CLEC4A/HLA-DQB2/IL12RB1/ZAP70/PRNP/ANXA1/LRRK2/FCER1G/MR1/GNG2/LAG3/EBI3/CSF2RA/CD36/CD1D/CD248/PTPN7/LILRB1/CD14/OSMR/TNFRSF9/GNG7/TIAM1/CDH13/KLRK1/IL2RB/TRAF1/IL9R/ITGA9/KLRD1/LEPR/THY1/CD163L1/TNFRSF4/RGS1/GRAMD1A/CD86/PRLR/ADA/TRGC2/ALCAM/SELP/ITGA11/FCGR3A/FLOT1/FERMT2/PPP1R9B/LIFR/ABCA1/TGFBR3/CLEC10A/ATP1B2/GNGT2/P2RX7/UMODL1/CD207/ABCG1/IL1R1/FER/SLAMF7/ITGAX/GEM/HCK/KLRC1/TRAF5/GM2A/GNAI2"
"GOBP_ADAPTIVE_IMMUNE_RESPONSE","GOBP_ADAPTIVE_IMMUNE_RESPONSE","GOBP_ADAPTIVE_IMMUNE_RESPONSE",348,0.68541551722126,2.26033363475521,2.65192225092207e-20,1.11725484431347e-16,9.67253747309998e-17,1441,"tags=40%, list=10%, signal=37%","HLA-DRA/HLA-DRB5/LAIR1/FCER2/HLA-C/BTLA/TNFRSF13C/CR2/HLA-B/HLA-DRB1/CD79B/CD40LG/SH2D1A/BACH2/CR1/AICDA/CD28/IL21R/TRAT1/PTPRC/SPN/CD19/CD6/GAPT/HLA-F/XCL1/BTK/CD40/HLA-E/CD244/CCR6/SIGLEC10/CLEC7A/FCAMR/CD1C/LAT2/HLA-DPB1/GPR183/C1QB/CD209/EOMES/SIT1/NCKAP1L/CXCL13/HLA-DMA/ITK/IL7R/TRAV13-1/SASH3/TGFB1/RFTN1/JAK3/TRBC1/FOXP3/C7/SLAMF1/PDCD1/KLHL6/WAS/LY9/FCGR2B/CAMK4/FYN/CD4/TRDV1/C1S/MYO1G/PIK3CD/BATF/PRKCQ/CD74/PRKCB/CTLA4/C3/GATA3/CD48/LEF1/HLA-DOB/RORA/C4B/CD79A/SLAMF6/CD84/C1QC/PKN1/LAMP3/SIPA1/CRTAM/CD226/CCR2/SAMSN1/HLA-DPA1/CLEC4A/BCL6/GNL1/HLA-DQB2/CLU/IL12RB1/SKAP1/C2/IL18R1/C1QA/IL4I1/ZAP70/C8G/ANXA1/FCER1G/MR1/IRF4/LOXL3/LAG3/EBI3/TXK/CD1D/LAT/LILRB1/CTSH/HAVCR2/ADCY7/SLA2/CD7/TNFRSF13B/KLRK1/IL9R/KLRD1/TRIM27/IRF7/MEF2C/CCL19/CD86/TNFSF4/JCHAIN/CD160/CADM1/ADA/ALCAM/IL18BP/SERPING1/FCGR3A"
"GOBP_REGULATION_OF_CELL_ACTIVATION","GOBP_REGULATION_OF_CELL_ACTIVATION","GOBP_REGULATION_OF_CELL_ACTIVATION",491,0.633901066577737,2.11577734617724,5.4936160192799e-20,1.54297361928175e-16,1.33581610574069e-16,1633,"tags=36%, list=12%, signal=33%","HLA-DRA/HLA-DRB5/SFRP1/CD22/TNFRSF13C/GP1BA/HLA-DRB1/CD40LG/BANK1/CR1/MILR1/CD28/CD83/TMEM131L/CD5/CARD11/CNR2/VCAM1/PTPRC/VSIG4/SPN/CD19/RIPOR2/CD6/CCL2/IL2RA/HLA-F/TNFSF11/XCL1/BTK/BLK/CD40/HLA-E/CLEC7A/RHOH/GPNMB/ZBTB16/HLA-DPB1/CCR7/MERTK/IKZF3/GPR183/CD209/ADORA2A/SIT1/NCKAP1L/WNT5A/HLA-DMA/IL7R/SASH3/CORO1A/TGFB1/TLR6/LAPTM5/GLI3/DOCK8/JAK3/TNFSF9/MNDA/FGR/TRBC1/TESPA1/FOXP3/CD2/RASAL3/SIRPG/VNN1/SLAMF1/FCRL3/CD3E/FCGR2B/LCK/PDGFRA/ITGB2/CAMK4/FYN/CD4/PRKCQ/BMP4/CD74/CTSG/CTLA4/TCF7/SPI1/RAC2/GATA3/LEF1/HLA-DOB/RORA/APOE/EGR3/CD84/RASGRP1/RUNX3/PLEK/PKN1/STAP1/CRTAM/TLR9/CD226/MMRN1/CCR2/FN1/SAMSN1/BTN2A2/TNFSF8/HLA-DPA1/SYT11/ICOS/VAV1/PDPN/TYROBP/C1QTNF1/BCL6/CD300A/NFATC2/CCL21/TBC1D10C/HLA-DQB2/TNFAIP8L2/IL12RB1/AXL/TIGIT/IL4I1/ZAP70/FCHO1/CD38/PRNP/ANXA1/LRRK2/FCER1G/IRF4/LOXL3/LAG3/TNFSF14/PLA2G2D/EBI3/SLAMF8/TXK/CD1D/FOXN1/LGALS1/LAT/LILRB1/HAVCR2/ATM/CYGB/PDGFRB/TNFRSF13B/KLRK1/THY1/MEF2C/TNFRSF4/ITPKB/NFAM1/CCL19/CD86/TNFSF4/CD160/CD200/ADA/SPHK1/ADGRE2/SELP/SIRPA/LST1/FCGR3A/GAB2/EMILIN1/TWSG1/AIF1/TMIGD2/CNR1/CD300LF/IDO1/CD81"
"GOBP_REGULATION_OF_LYMPHOCYTE_ACTIVATION","GOBP_REGULATION_OF_LYMPHOCYTE_ACTIVATION","GOBP_REGULATION_OF_LYMPHOCYTE_ACTIVATION",386,0.655459166768134,2.17108602375339,2.42340161009104e-18,5.10489549165678e-15,4.41951925208708e-15,1441,"tags=36%, list=10%, signal=33%","HLA-DRA/HLA-DRB5/SFRP1/CD22/TNFRSF13C/HLA-DRB1/CD40LG/BANK1/CR1/CD28/CD83/TMEM131L/CD5/CARD11/VCAM1/PTPRC/VSIG4/SPN/CD19/RIPOR2/CD6/CCL2/IL2RA/HLA-F/TNFSF11/XCL1/BTK/BLK/CD40/HLA-E/CLEC7A/RHOH/GPNMB/ZBTB16/HLA-DPB1/CCR7/MERTK/IKZF3/GPR183/CD209/ADORA2A/SIT1/NCKAP1L/HLA-DMA/IL7R/SASH3/CORO1A/TGFB1/LAPTM5/GLI3/DOCK8/JAK3/TNFSF9/MNDA/FGR/TRBC1/TESPA1/FOXP3/CD2/RASAL3/SIRPG/VNN1/SLAMF1/FCRL3/CD3E/FCGR2B/LCK/CAMK4/FYN/CD4/PRKCQ/BMP4/CD74/CTSG/CTLA4/TCF7/RAC2/GATA3/LEF1/HLA-DOB/EGR3/RASGRP1/RUNX3/PKN1/CRTAM/TLR9/CCR2/SAMSN1/BTN2A2/TNFSF8/HLA-DPA1/ICOS/VAV1/TYROBP/BCL6/CD300A/NFATC2/CCL21/TBC1D10C/HLA-DQB2/TNFAIP8L2/IL12RB1/AXL/TIGIT/IL4I1/ZAP70/FCHO1/CD38/PRNP/ANXA1/IRF4/LOXL3/LAG3/TNFSF14/PLA2G2D/EBI3/SLAMF8/CD1D/FOXN1/LGALS1/LAT/LILRB1/HAVCR2/ATM/TNFRSF13B/KLRK1/THY1/MEF2C/TNFRSF4/ITPKB/NFAM1/CCL19/CD86/TNFSF4/CD160/ADA/SIRPA/LST1/FCGR3A"
"GOBP_T_CELL_ACTIVATION","GOBP_T_CELL_ACTIVATION","GOBP_T_CELL_ACTIVATION",421,0.641349440033695,2.13044849831734,8.50937441199352e-18,1.43399977590915e-14,1.24147294052874e-14,1420,"tags=35%, list=10%, signal=32%","HLA-DRA/HLA-DRB5/TREML2/TNFRSF13C/HLA-DRB1/CD40LG/CR1/CD28/CD83/TMEM131L/CD5/CARD11/NLRC3/VCAM1/PTPRC/VSIG4/SPN/WDFY4/RIPOR2/CD6/CCL2/IL2RA/TNFSF11/XCL1/CCR9/APBB1IP/HLA-E/CCR6/CLEC7A/RHOH/GPNMB/CD1C/ZBTB16/HLA-DPB1/CCR7/GPR183/CD209/EOMES/ADORA2A/DOCK2/LCP1/SIT1/NCKAP1L/HLA-DMA/ITK/IL7R/SASH3/CORO1A/LAPTM5/GLI3/DOCK8/JAK3/TNFSF9/GPR18/TESPA1/FOXP3/CD2/RASAL3/SIRPG/VNN1/SLAMF1/GJA1/WAS/LY9/CD3E/ITGAL/FCGR2B/LCK/CAMK4/FYN/CD4/PIK3CD/CD3G/BATF/PRKCQ/BMP4/CD74/CTSG/CTLA4/TCF7/SPI1/RAC2/GATA3/CD48/LEF1/HLA-DOB/RORA/SLAMF6/CD3D/EGR3/CD84/RASGRP1/RUNX3/MSN/CRTAM/CCR2/BTN2A2/TNFSF8/HLA-DPA1/ICOS/VAV1/CLEC4A/BCL6/CD300A/CCL21/HLA-DQB2/TNFAIP8L2/IL12RB1/IL18R1/TIGIT/IL4I1/ZAP70/FCHO1/RUNX2/PRNP/ANXA1/FCER1G/MR1/IRF4/LOXL3/MAFB/LAG3/TNFSF14/PLA2G2D/EBI3/CD1D/FOXN1/LGALS1/LAT/LILRB1/HAVCR2/SLA2/CD7/PREX1/KLRK1/LEPR/THY1/TNFRSF4/ITPKB/CCL19/CD86/TNFSF4/CD160/CADM1/ADA/SIRPA"
"GOBP_IMMUNE_EFFECTOR_PROCESS","GOBP_IMMUNE_EFFECTOR_PROCESS","GOBP_IMMUNE_EFFECTOR_PROCESS",453,0.623917731737901,2.07155174195975,1.28516605059232e-16,1.80480152371515e-13,1.56249135624645e-13,1725,"tags=34%, list=12%, signal=31%","HLA-DRA/HLA-DRB5/FCER2/CD22/CR2/HLA-B/HLA-DRB1/CD40LG/SH2D1A/CR1/AICDA/MILR1/CD28/IL21R/PTPRC/VSIG4/CFH/SPN/CD19/CD180/GAPT/HLA-F/SCIMP/XCL1/BTK/MFAP4/BLK/CD40/APBB1IP/HLA-E/CD244/CCR6/CLEC7A/CD1C/NCF1/LAT2/HLA-DPB1/GPR183/C1QB/EOMES/MASP1/DOCK2/LCP1/NCKAP1L/WNT5A/DOCK11/ST3GAL1/HLA-DMA/IL7R/SASH3/CORO1A/TGFB1/LAPTM5/RFTN1/JAK3/CD96/DOCK10/FGR/TRBC1/FOXP3/C7/POU2AF1/SLAMF1/FCRL3/WAS/LY9/ITGAL/FCGR2B/ITM2A/ITGB2/CAMK4/FYN/C1S/MYO1G/PIK3CD/BATF/CD74/CTSG/SPI1/RAC2/C3/GATA3/LEF1/ANGPT1/HLA-DOB/RORA/C4B/SLAMF6/CD84/CFD/RASGRP1/C1QC/PKN1/STAP1/CRTAM/TLR9/CD226/CCR2/HLA-DPA1/VAV1/TYROBP/BCL6/CD300A/GNL1/HLA-DQB2/MFNG/CLU/IL12RB1/C2/IL18R1/C1QA/IL4I1/C8G/ANXA1/FCER1G/MR1/IRF4/LOXL3/LAG3/SLAMF8/CD36/CD1D/LGALS1/LAT/SERPINB9/LILRB1/CTSH/HAVCR2/SLA2/KLRK1/IL9R/KLRD1/IRF7/TNFRSF4/CCL19/CD86/TNFSF4/CD160/PTGDS/GPRC5B/CADM1/ADA/ADGRE2/SERPING1/FCGR3A/IRF8/GAB2/SWAP70/NLRP6/CD81/NOTCH2/P2RX7/IL1R1/FER/SLAMF7/HCK"
"GOCC_EXTERNAL_SIDE_OF_PLASMA_MEMBRANE","GOCC_EXTERNAL_SIDE_OF_PLASMA_MEMBRANE","GOCC_EXTERNAL_SIDE_OF_PLASMA_MEMBRANE",274,0.684324087096152,2.22270187445225,1.83285537897124e-15,2.20623420331595e-12,1.91002823703318e-12,1712,"tags=46%, list=12%, signal=41%","FCER2/LY6G5B/CXCR4/CD69/CD22/TNFRSF13C/GP1BA/CXCR5/XCR1/CLEC17A/CD163/HLA-DRB1/CD79B/CD40LG/SERPINA5/SCARA5/CD28/CD83/IL21R/CD5/MS4A1/VCAM1/PTPRC/SPN/CD19/CD6/FOLR2/IL2RA/HLA-F/CCR9/CD40/HLA-E/CD244/CCR6/CLEC7A/CCR4/CD1C/CCR7/CD209/GFRA2/IL7R/ITGA4/CLEC2D/GFRA3/MSR1/S1PR1/GFRA1/TRBC1/CD2/NCAM1/CSF3R/SLAMF1/PDCD1/LY9/CD3E/ITGAL/FCGR2B/PDGFRA/ITGB2/CD4/CXCL12/CD3G/CD74/CTLA4/SCNN1G/ANTXR1/CD48/CD79A/SLAMF6/CD3D/CD84/GP2/ACKR3/IL12RB2/F10/CD226/CCR2/BTN2A2/CLEC4A/IL12RB1/PRNP/ANXA1/FCER1G/MR1/LAG3/EBI3/CSF2RA/CD36/CD1D/CD248/LILRB1/CD14/OSMR/TNFRSF9/CDH13/KLRK1/IL2RB/IL9R/ITGA9/KLRD1/LEPR/THY1/CD163L1/TNFRSF4/CD86/PRLR/ADA/TRGC2/ALCAM/SELP/ITGA11/FCGR3A/FLOT1/LIFR/ABCA1/TGFBR3/CLEC10A/ATP1B2/P2RX7/UMODL1/CD207/ABCG1/IL1R1/SLAMF7/ITGAX"
"GOBP_LEUKOCYTE_DIFFERENTIATION","GOBP_LEUKOCYTE_DIFFERENTIATION","GOBP_LEUKOCYTE_DIFFERENTIATION",449,0.612469672287454,2.03341691253931,2.9771091921613e-15,3.13564025664389e-12,2.71465351337866e-12,1487,"tags=31%, list=11%, signal=29%","HLA-DRA/SFRP1/LTF/CR2/HLA-B/HLA-DRB1/CD79B/CD40LG/CR1/AICDA/CD28/CD83/TMEM131L/MS4A1/CARD11/VCAM1/PTPRC/SPN/CD19/IL2RA/TNFSF11/CCR9/BTK/BLK/CCR6/HCLS1/RHOH/HHEX/ZBTB16/CCR7/MERTK/IKZF3/GPR183/EOMES/GAB3/DOCK2/NCKAP1L/DOCK11/ST3GAL1/ITK/IL7R/SASH3/FBN1/TGFB1/ITGA4/RASSF2/GLI3/JAK3/TNFSF9/GPR18/IKZF1/DOCK10/TESPA1/FOXP3/CD2/VNN1/POU2AF1/SLAMF1/FCRL3/LY9/CD3E/LYL1/CCN4/FCGR2B/LCK/ITM2A/CAMK4/CD4/PIK3CD/IFI16/CD3G/BATF/BMP4/CD74/CTLA4/TCF7/SPI1/GATA3/LEF1/RORA/CD79A/SLAMF6/CD3D/EGR3/PDE1B/RASGRP1/C1QC/RUNX3/CRTAM/TLR9/CCR2/BTN2A2/TNFSF8/VAV1/TYROBP/BCL6/CSF1R/MFNG/IL12RB1/AXL/IL18R1/IL4I1/GPR68/ZAP70/CSF1/RUNX2/ANXA1/FCER1G/MR1/IRF4/LOXL3/MAFB/CMTM7/LAG3/NRROS/PLA2G2D/SLAMF8/CD1D/FOXN1/LGALS1/LILRB1/L3MBTL3/EVI2B/SLC9B2/ATM/PREX1/LEPR/IRF7/ITPKB/NFAM1/CCL19/CD86/TNFSF4/ROR2/ADA/GPC3/IRF8/MMP9/GAB2"
"GOBP_MONONUCLEAR_CELL_DIFFERENTIATION","GOBP_MONONUCLEAR_CELL_DIFFERENTIATION","GOBP_MONONUCLEAR_CELL_DIFFERENTIATION",356,0.647184305338289,2.1388216633521,6.87130166247609e-15,6.43306531200261e-12,5.56937082116483e-12,1334,"tags=33%, list=10%, signal=31%","HLA-DRA/SFRP1/CR2/HLA-B/HLA-DRB1/CD79B/CD40LG/CR1/AICDA/CD28/CD83/TMEM131L/MS4A1/CARD11/VCAM1/PTPRC/SPN/CD19/IL2RA/CCR9/BTK/BLK/CCR6/RHOH/HHEX/ZBTB16/CCR7/MERTK/IKZF3/GPR183/EOMES/DOCK2/NCKAP1L/DOCK11/ST3GAL1/ITK/IL7R/SASH3/ITGA4/GLI3/JAK3/TNFSF9/GPR18/IKZF1/DOCK10/TESPA1/FOXP3/CD2/VNN1/POU2AF1/SLAMF1/FCRL3/LY9/CD3E/LYL1/FCGR2B/LCK/ITM2A/CAMK4/CD4/PIK3CD/IFI16/CD3G/BATF/BMP4/CD74/CTLA4/TCF7/SPI1/GATA3/LEF1/RORA/CD79A/SLAMF6/CD3D/EGR3/PDE1B/RASGRP1/RUNX3/CRTAM/TLR9/CCR2/BTN2A2/TNFSF8/VAV1/BCL6/CSF1R/MFNG/IL12RB1/AXL/IL18R1/IL4I1/GPR68/ZAP70/CSF1/RUNX2/ANXA1/FCER1G/MR1/IRF4/LOXL3/MAFB/CMTM7/LAG3/PLA2G2D/SLAMF8/CD1D/FOXN1/LGALS1/LILRB1/ATM/PREX1/LEPR/IRF7/ITPKB/NFAM1/CCL19/CD86/TNFSF4"
"GOBP_POSITIVE_REGULATION_OF_IMMUNE_RESPONSE","GOBP_POSITIVE_REGULATION_OF_IMMUNE_RESPONSE","GOBP_POSITIVE_REGULATION_OF_IMMUNE_RESPONSE",400,0.624902258811677,2.06988268993903,2.76980813285289e-14,2.33384033274185e-11,2.02050214322848e-11,1930,"tags=35%, list=14%, signal=31%","HLA-DRA/FCER2/CD22/TASL/CR2/HLA-B/HLA-DRB1/CD79B/SH2D1A/BANK1/CR1/CD28/MS4A1/TRAT1/CARD11/PTPRC/VSIG4/CFH/CD19/HLA-F/XCL1/BTK/MFAP4/BLK/CD40/HLA-E/CLEC7A/CD1C/LAT2/HLA-DPB1/CCR7/C1QB/PVRIG/MASP1/C3AR1/NCKAP1L/WNT5A/ITK/SASH3/TGFB1/LAPTM5/AIM2/RFTN1/MNDA/PYHIN1/FGR/TRBC1/TESPA1/FOXP3/C7/SLAMF1/FCRL3/KLHL6/FCGR2B/LCK/ITGB2/FYN/CD4/C1S/MYO1G/PIK3CD/IFI16/PRKCQ/CD74/PRKCB/CTSG/CTLA4/SPI1/C3/GATA3/FPR3/C4B/CD79A/SLAMF6/CFD/RASGRP1/C1QC/STAP1/GBP5/CRTAM/CD226/CCR2/BTN2A2/SH2B2/VAV1/CD247/TYROBP/CD300A/NFATC2/CLU/PRKCH/IL12RB1/SKAP1/C2/IL18R1/C1QA/ZAP70/FCHO1/C8G/CD38/PRNP/ANXA1/FCER1G/MR1/CMTM3/LAG3/LCP2/TXK/CD1D/LILRB1/HAVCR2/SLA2/KLRK1/KLRD1/THY1/IRF7/MEF2C/NFAM1/CCL19/CD86/TNFSF4/CD160/CADM1/ADA/SERPING1/GAB2/PDE4B/CNR1/UBASH3A/IDO1/CD81/P2RX7/IL1R1/HCK/CD177/PLCG2/LPXN/EIF2B3/CCL5/BCL2/PTPN22"
"GOBP_POSITIVE_REGULATION_OF_CELL_ACTIVATION","GOBP_POSITIVE_REGULATION_OF_CELL_ACTIVATION","GOBP_POSITIVE_REGULATION_OF_CELL_ACTIVATION",295,0.664789902378703,2.17429313502522,3.26489753694958e-13,2.50091151330338e-10,2.16514257713499e-10,1560,"tags=37%, list=11%, signal=34%","HLA-DRA/HLA-DRB5/TNFRSF13C/GP1BA/HLA-DRB1/CD40LG/CR1/CD28/CD83/CD5/CARD11/VCAM1/PTPRC/CD6/CCL2/IL2RA/HLA-F/TNFSF11/XCL1/BTK/CD40/HLA-E/CLEC7A/RHOH/ZBTB16/HLA-DPB1/CCR7/GPR183/CD209/NCKAP1L/WNT5A/HLA-DMA/IL7R/SASH3/CORO1A/TGFB1/TLR6/GLI3/DOCK8/JAK3/TNFSF9/FGR/TRBC1/TESPA1/FOXP3/CD2/RASAL3/SIRPG/VNN1/SLAMF1/FCRL3/CD3E/LCK/ITGB2/FYN/CD4/PRKCQ/CD74/GATA3/LEF1/HLA-DOB/EGR3/RASGRP1/RUNX3/PLEK/STAP1/TLR9/CD226/CCR2/BTN2A2/HLA-DPA1/ICOS/VAV1/TYROBP/BCL6/NFATC2/CCL21/HLA-DQB2/IL12RB1/AXL/IL4I1/ZAP70/FCHO1/CD38/ANXA1/LRRK2/TNFSF14/EBI3/CD1D/LGALS1/LILRB1/HAVCR2/PDGFRB/KLRK1/THY1/MEF2C/TNFRSF4/ITPKB/CCL19/CD86/TNFSF4/CD160/ADA/SELP/SIRPA/FCGR3A/GAB2/AIF1/TMIGD2"
"GOBP_REGULATION_OF_T_CELL_ACTIVATION","GOBP_REGULATION_OF_T_CELL_ACTIVATION","GOBP_REGULATION_OF_T_CELL_ACTIVATION",284,0.659681625508639,2.14800731981353,1.17040104298501e-12,8.21816599015977e-10,7.114806340251e-10,1420,"tags=37%, list=10%, signal=34%","HLA-DRA/HLA-DRB5/TNFRSF13C/HLA-DRB1/CD40LG/CR1/CD28/CD83/TMEM131L/CD5/CARD11/VCAM1/PTPRC/VSIG4/SPN/RIPOR2/CD6/CCL2/IL2RA/TNFSF11/XCL1/HLA-E/RHOH/GPNMB/ZBTB16/HLA-DPB1/CCR7/CD209/ADORA2A/SIT1/NCKAP1L/HLA-DMA/IL7R/SASH3/CORO1A/LAPTM5/GLI3/DOCK8/JAK3/TNFSF9/TESPA1/FOXP3/CD2/RASAL3/SIRPG/VNN1/SLAMF1/CD3E/FCGR2B/LCK/CAMK4/FYN/CD4/PRKCQ/BMP4/CD74/CTSG/CTLA4/TCF7/RAC2/GATA3/LEF1/HLA-DOB/EGR3/RASGRP1/RUNX3/CRTAM/CCR2/BTN2A2/TNFSF8/HLA-DPA1/ICOS/VAV1/BCL6/CD300A/CCL21/HLA-DQB2/TNFAIP8L2/IL12RB1/TIGIT/IL4I1/ZAP70/FCHO1/PRNP/ANXA1/IRF4/LOXL3/LAG3/TNFSF14/PLA2G2D/EBI3/CD1D/FOXN1/LGALS1/LAT/LILRB1/HAVCR2/KLRK1/THY1/ITPKB/CCL19/CD86/TNFSF4/CD160/ADA/SIRPA"
"GOBP_LEUKOCYTE_MEDIATED_IMMUNITY","GOBP_LEUKOCYTE_MEDIATED_IMMUNITY","GOBP_LEUKOCYTE_MEDIATED_IMMUNITY",302,0.651299955122423,2.13123679375746,1.28970174710847e-12,8.35925147779692e-10,7.23694988458439e-10,1858,"tags=38%, list=13%, signal=34%","HLA-DRA/HLA-DRB5/FCER2/CR2/HLA-B/HLA-DRB1/CD40LG/SH2D1A/CR1/AICDA/MILR1/CD28/IL21R/PTPRC/CD19/GAPT/HLA-F/SCIMP/XCL1/BTK/BLK/CD40/HLA-E/CCR6/CLEC7A/CD1C/LAT2/HLA-DPB1/C1QB/NCKAP1L/HLA-DMA/IL7R/SASH3/CORO1A/TGFB1/RFTN1/JAK3/CD96/FGR/TRBC1/FOXP3/C7/SLAMF1/WAS/FCGR2B/ITGB2/CAMK4/C1S/MYO1G/PIK3CD/BATF/CD74/CTSG/SPI1/RAC2/C3/GATA3/HLA-DOB/C4B/SLAMF6/CD84/RASGRP1/C1QC/STAP1/CRTAM/CD226/CCR2/HLA-DPA1/VAV1/TYROBP/BCL6/CD300A/GNL1/HLA-DQB2/CLU/IL12RB1/C2/IL18R1/C1QA/IL4I1/C8G/FCER1G/MR1/LAG3/CD1D/LAT/SERPINB9/LILRB1/CTSH/HAVCR2/SLA2/KLRK1/IL9R/KLRD1/IRF7/TNFSF4/CD160/PTGDS/CADM1/ADGRE2/SERPING1/FCGR3A/GAB2/SWAP70/NLRP6/CD81/P2RX7/IL1R1/FER/SLAMF7/TNFRSF1B/KLRC1/CD177/PLCG2/HLA-DOA"
"GOBP_ADAPTIVE_IMMUNE_RESPONSE_BASED_ON_SOMATIC_RECOMBINATION_OF_IMMUNE_RECEPTORS_BUILT_FROM_IMMUNOGLOBULIN_SUPERFAMILY_DOMAINS","GOBP_ADAPTIVE_IMMUNE_RESPONSE_BASED_ON_SOMATIC_RECOMBINATION_OF_IMMUNE_RECEPTORS_BUILT_FROM_IMMUNOGLOBULIN_SUPERFAMILY_DOMAINS","GOBP_ADAPTIVE_IMMUNE_RESPONSE_BASED_ON_SOMATIC_RECOMBINATION_OF_IMMUNE_RECEPTORS_BUILT_FROM_IMMUNOGLOBULIN_SUPERFAMILY_DOMAINS",240,0.682491393553905,2.20666629824395,2.55075177090167e-12,1.53518817297268e-09,1.32907592273297e-09,1441,"tags=39%, list=10%, signal=35%","HLA-DRA/HLA-DRB5/FCER2/CR2/HLA-B/HLA-DRB1/CD40LG/BACH2/CR1/AICDA/CD28/IL21R/PTPRC/SPN/CD19/GAPT/HLA-F/XCL1/BTK/CD40/HLA-E/CCR6/CLEC7A/CD1C/HLA-DPB1/C1QB/NCKAP1L/CXCL13/HLA-DMA/IL7R/SASH3/TGFB1/RFTN1/JAK3/TRBC1/FOXP3/C7/SLAMF1/KLHL6/WAS/LY9/FCGR2B/CD4/C1S/MYO1G/BATF/PRKCQ/CD74/C3/GATA3/LEF1/HLA-DOB/RORA/C4B/SLAMF6/C1QC/PKN1/CRTAM/CD226/CCR2/HLA-DPA1/BCL6/GNL1/HLA-DQB2/CLU/IL12RB1/C2/IL18R1/C1QA/IL4I1/C8G/ANXA1/FCER1G/MR1/IRF4/LOXL3/EBI3/CD1D/LILRB1/CTSH/HAVCR2/SLA2/IL9R/KLRD1/IRF7/MEF2C/CCL19/TNFSF4/CADM1/ADA/IL18BP/SERPING1/FCGR3A"
"GOBP_LEUKOCYTE_CELL_CELL_ADHESION","GOBP_LEUKOCYTE_CELL_CELL_ADHESION","GOBP_LEUKOCYTE_CELL_CELL_ADHESION",309,0.633554432168826,2.07722484491317,8.76162500448782e-11,4.92169681918762e-08,4.26091658112986e-08,1420,"tags=36%, list=10%, signal=33%","HLA-DRA/HLA-DRB5/SELL/TNFRSF13C/HLA-DRB1/CD40LG/CR1/CD28/CD83/TMEM131L/CD5/CARD11/VCAM1/PTPRC/VSIG4/SPN/RIPOR2/CD6/CCL2/IL2RA/TNFSF11/XCL1/HLA-E/RHOH/GPNMB/ZBTB16/HLA-DPB1/CCR7/CD209/ADORA2A/NCKAP1L/HLA-DMA/IL7R/SASH3/CORO1A/LAPTM5/ITGA4/GLI3/DOCK8/JAK3/TNFSF9/TESPA1/FOXP3/RASAL3/SIRPG/VNN1/SLAMF1/CD3E/ITGB7/ITGAL/FCGR2B/LCK/ITGB2/FYN/CD4/CXCL12/PRKCQ/BMP4/CD74/CTSG/CTLA4/RAC2/GATA3/LEF1/HLA-DOB/EGR3/RASGRP1/RUNX3/MSN/CRTAM/CCR2/BTN2A2/HLA-DPA1/ICOS/VAV1/CERCAM/BCL6/CD300A/CCL21/HLA-DQB2/TNFAIP8L2/IL12RB1/SKAP1/TIGIT/IL4I1/ZAP70/FCHO1/PRNP/ANXA1/LOXL3/ETS1/SELPLG/LAG3/TNFSF14/PLA2G2D/EBI3/CD1D/LGALS1/LILRB1/HAVCR2/FERMT3/KLRK1/THY1/SEMA4D/ITPKB/CCL19/CD86/TNFSF4/CD160/ADA/SELP/SIRPA"
"GOBP_REGULATION_OF_CELL_CELL_ADHESION","GOBP_REGULATION_OF_CELL_CELL_ADHESION","GOBP_REGULATION_OF_CELL_CELL_ADHESION",368,0.607369519069455,2.00940932869401,9.91416269040874e-11,5.2210459268365e-08,4.52007548977188e-08,1560,"tags=34%, list=11%, signal=31%","HLA-DRA/HLA-DRB5/MDGA1/TNFRSF13C/HLA-DRB1/CD40LG/CR1/CD28/CD83/TMEM131L/CD5/CARD11/VCAM1/PTPRC/VSIG4/SPN/RIPOR2/CD6/CCL2/IL2RA/TNFSF11/XCL1/BLK/HLA-E/RHOH/GPNMB/BMP6/ZBTB16/ADAM19/HLA-DPB1/CCR7/CD209/ADORA2A/NCKAP1L/WNT5A/CXCL13/HLA-DMA/IL7R/SASH3/CORO1A/TGFB1/LAPTM5/ITGA4/GLI3/DOCK8/JAK3/TNFSF9/TESPA1/FOXP3/RASAL3/SIRPG/VNN1/SLAMF1/CD3E/FCGR2B/LCK/ITGB2/FYN/CD4/CXCL12/PRKCQ/BMP4/CD74/CTSG/CTLA4/SPI1/GATA3/LEF1/HLA-DOB/EGR3/RASGRP1/TENM3/RUNX3/CRTAM/MMRN1/CCR2/BTN2A2/ZNF703/HLA-DPA1/ICOS/VAV1/PDPN/C1QTNF1/BCL6/CD300A/CCL21/HLA-DQB2/RDX/TNFAIP8L2/IL12RB1/SKAP1/TIGIT/IL4I1/ZAP70/FCHO1/PRNP/ANXA1/LOXL3/ETS1/FXYD5/LAG3/TNFSF14/PLA2G2D/EBI3/CD1D/LGALS1/LILRB1/HAVCR2/FERMT3/KLRK1/THY1/ITPKB/CCL19/CD86/TNFSF4/CD160/ADA/SELP/SIRPA/FLOT1/TWSG1/SWAP70/AIF1/TMIGD2"
"GOBP_B_CELL_ACTIVATION","GOBP_B_CELL_ACTIVATION","GOBP_B_CELL_ACTIVATION",215,0.682652850298456,2.19583078114498,1.11859832776901e-10,5.5442997116363e-08,4.79992966652586e-08,1391,"tags=36%, list=10%, signal=33%","SFRP1/FCRL1/CD22/TNFRSF13C/CXCR5/CR2/CD79B/CD40LG/BANK1/CR1/AICDA/CD28/MS4A1/CARD11/VCAM1/PTPRC/CD19/CD180/GAPT/BTK/BLK/CD40/CCR6/HHEX/LAT2/IKZF3/GPR183/NCKAP1L/DOCK11/ST3GAL1/IL7R/SASH3/TGFB1/LAPTM5/ITGA4/JAK3/MNDA/DOCK10/TRBC1/FOXP3/POU2AF1/FCRL3/LYL1/FCGR2B/ITM2A/PIK3CD/BATF/CD74/PRKCB/CTLA4/SPI1/LEF1/CD79A/RASGRP1/PKN1/TLR9/SAMSN1/TYROBP/BCL6/CD300A/NFATC2/TBC1D10C/MFNG/IL4I1/ZAP70/CD38/CMTM7/SLAMF8/LGALS1/ATM/TNFRSF13B/MEF2C/TNFRSF4/NFAM1/CD86/TNFSF4/ADA"
"GOBP_LYMPHOCYTE_MEDIATED_IMMUNITY","GOBP_LYMPHOCYTE_MEDIATED_IMMUNITY","GOBP_LYMPHOCYTE_MEDIATED_IMMUNITY",224,0.673270996735611,2.17053813304101,1.96349691307197e-10,9.19134721641357e-08,7.95732959508115e-08,1779,"tags=40%, list=13%, signal=35%","HLA-DRA/HLA-DRB5/FCER2/CR2/HLA-B/HLA-DRB1/CD40LG/SH2D1A/CR1/AICDA/CD28/IL21R/PTPRC/CD19/GAPT/HLA-F/XCL1/BTK/CD40/HLA-E/CCR6/CD1C/HLA-DPB1/C1QB/NCKAP1L/HLA-DMA/IL7R/SASH3/CORO1A/TGFB1/RFTN1/CD96/TRBC1/FOXP3/C7/SLAMF1/WAS/FCGR2B/C1S/MYO1G/BATF/CD74/C3/GATA3/HLA-DOB/C4B/SLAMF6/RASGRP1/C1QC/CRTAM/CD226/CCR2/HLA-DPA1/VAV1/BCL6/GNL1/HLA-DQB2/CLU/IL12RB1/C2/IL18R1/C1QA/IL4I1/C8G/FCER1G/MR1/LAG3/CD1D/SERPINB9/LILRB1/CTSH/HAVCR2/SLA2/KLRK1/IL9R/KLRD1/IRF7/TNFSF4/CD160/CADM1/SERPING1/FCGR3A/SWAP70/CD81/P2RX7/IL1R1/SLAMF7/TNFRSF1B/KLRC1"
"GOBP_POSITIVE_REGULATION_OF_CELL_ADHESION","GOBP_POSITIVE_REGULATION_OF_CELL_ADHESION","GOBP_POSITIVE_REGULATION_OF_CELL_ADHESION",369,0.601366220237381,1.98888492962664,2.33245465433674e-10,1.0343822588127e-07,8.95507521027902e-08,1560,"tags=31%, list=11%, signal=29%","HLA-DRA/HLA-DRB5/SFRP1/TNFRSF13C/HLA-DRB1/ABI3BP/CD40LG/CR1/CD28/CD83/CD5/CARD11/VCAM1/PTPRC/CD6/CCL2/IL2RA/TNFSF11/XCL1/APBB1IP/HLA-E/RHOH/ZBTB16/ADAM19/HLA-DPB1/CCR7/CD209/SPOCK2/NCKAP1L/WNT5A/CXCL13/VWC2/HLA-DMA/EGFLAM/IL7R/SASH3/CORO1A/ITGA4/GLI3/DOCK8/JAK3/TNFSF9/CCDC80/TESPA1/FOXP3/RASAL3/SIRPG/VNN1/OLFM4/SLAMF1/CD3E/LCK/ITGB2/FYN/CD4/CXCL12/PRKCQ/COL8A1/CD74/CTSG/GATA3/LEF1/ANGPT1/HLA-DOB/EGR3/RASGRP1/RET/RUNX3/MMRN1/CCR2/FN1/FRMD5/BTN2A2/HLA-DPA1/PLEKHA2/ICOS/VAV1/PDPN/BCL6/CCL21/HLA-DQB2/IL12RB1/SKAP1/IL4I1/ZAP70/FCHO1/CSF1/ANXA1/ETS1/TNFSF14/EBI3/CD36/CD1D/LGALS1/LILRB1/HAVCR2/ATM/PREX1/CDH13/KLRK1/FBLN2/THY1/ITPKB/CCL19/CD86/TNFSF4/CD160/ADA/SELP/SIRPA/FLOT1/FERMT2/EMILIN1/NID1/AIF1/TMIGD2"
"GOBP_TAXIS","GOBP_TAXIS","GOBP_TAXIS",446,0.572635681050994,1.90175163029038,2.89917167154433e-10,1.22142102522163e-07,1.05743472020012e-07,2420,"tags=42%, list=17%, signal=36%","CXCR4/GDF7/RELN/CCL4/EPHA3/CXCR5/XCR1/WNT3/CNTN2/CCL13/SLIT3/CNR2/VCAM1/CHL1/SPN/RIPOR2/FOLR2/CCL2/TNFSF11/XCL1/CCR9/CCR6/RHOH/GPNMB/CCR4/EGR2/CCR7/GPR183/SERPINE1/DOCK2/EDNRB/PLA2G7/C3AR1/NCKAP1L/WNT5A/CXCL13/CORO1A/DSCAML1/TGFB1/GLI3/GFRA3/IL16/CNTN1/S1PR1/KIF5C/ANGPT2/NGFR/GPR18/CRPPA/NCAM1/CSF3R/SLAMF1/PTPRM/BOC/TUBB2B/PDGFRA/ITGB2/FYN/L1CAM/SMO/PIK3CD/CXCL12/TUBB3/PRKCQ/BMP4/CD74/CTSG/LOX/SPI1/RAC2/KLF7/GATA3/CCL22/FPR3/LEF1/ANGPT1/EGR3/EMB/RET/LAMA2/GPSM3/STAP1/ACKR3/EPHB6/NRG1/PLXNC1/NRP2/CCR2/VAV1/NRXN1/SEMA3E/CSF1R/CCL21/LSP1/VEGFC/PTCH1/ARHGEF5/MYCBP2/CSF1/ANXA1/FCER1G/PGF/FZD3/ANO6/CMTM3/RARRES2/CMTM7/SEMA3D/TNFSF14/SLAMF8/LGMN/ST6GAL1/PTN/PREX1/PDGFRB/CDH13/FGF7/SMOC2/BIN2/VSTM2L/KLRK1/ITGA9/PRKD1/DDT/SEMA4D/CASR/CCL19/VEGFB/ENAH/ROBO1/ISL1/CYP7B1/ADGRE2/ALCAM/FGFR1/EFNA3/CHN1/MYOT/CXCL14/PDE4B/FEZ1/XCL2/SWAP70/AIF1/CAMK1D/CCL14/NOTCH2/CDK5R1/PDGFB/FER/PLXNA3/LAMB2/PLXND1/PLEKHG5/B3GNT2/OPHN1/CCL5/NFASC/NRP1/FLRT3/CCR5/FLRT2/MIF/JAM3/PTPRO/ETV1/PPM1F/ADAM8/RAB13/CCR1/ADGRA2/CMTM8/CYSLTR1/ARX/CHGA/EFNA5/CMKLR1/SEMA4A/C5/PIK3CG/PTGDR2/SLIT2/ROBO4/ARRB2/LGR6/SEMA3F/NINJ1"
"GOBP_ACTIVATION_OF_IMMUNE_RESPONSE","GOBP_ACTIVATION_OF_IMMUNE_RESPONSE","GOBP_ACTIVATION_OF_IMMUNE_RESPONSE",251,0.651411961290856,2.10717017296065,3.33959626755457e-10,1.33997324525785e-07,1.16007028241369e-07,1435,"tags=35%, list=10%, signal=32%","CD22/CR2/HLA-DRB1/CD79B/SH2D1A/BANK1/CR1/CD28/MS4A1/TRAT1/CARD11/PTPRC/VSIG4/CFH/CD19/BTK/MFAP4/BLK/CLEC7A/LAT2/HLA-DPB1/CCR7/C1QB/PVRIG/MASP1/C3AR1/NCKAP1L/ITK/LAPTM5/AIM2/RFTN1/MNDA/PYHIN1/FGR/TRBC1/TESPA1/FOXP3/C7/FCRL3/KLHL6/FCGR2B/LCK/FYN/C1S/MYO1G/PIK3CD/IFI16/PRKCB/CTLA4/C3/GATA3/FPR3/C4B/CD79A/CFD/C1QC/STAP1/CD226/BTN2A2/SH2B2/VAV1/CD247/TYROBP/CD300A/NFATC2/CLU/PRKCH/SKAP1/C2/C1QA/ZAP70/FCHO1/C8G/CD38/PRNP/FCER1G/CMTM3/LCP2/TXK/SLA2/KLRK1/KLRD1/THY1/MEF2C/NFAM1/CD160/ADA/SERPING1"
"GOBP_REGULATION_OF_LEUKOCYTE_DIFFERENTIATION","GOBP_REGULATION_OF_LEUKOCYTE_DIFFERENTIATION","GOBP_REGULATION_OF_LEUKOCYTE_DIFFERENTIATION",232,0.663596101598014,2.14148645823362,6.25961348891686e-10,2.39743196625516e-07,2.07555605158822e-07,1391,"tags=33%, list=10%, signal=30%","HLA-DRA/SFRP1/LTF/HLA-B/HLA-DRB1/CR1/CD28/CD83/TMEM131L/CARD11/PTPRC/IL2RA/TNFSF11/BTK/HCLS1/RHOH/ZBTB16/IKZF3/NCKAP1L/IL7R/SASH3/FBN1/TGFB1/RASSF2/GLI3/JAK3/TNFSF9/TESPA1/FOXP3/CD2/VNN1/FCRL3/FCGR2B/CAMK4/CD4/BMP4/CD74/CTLA4/TCF7/GATA3/LEF1/EGR3/RASGRP1/C1QC/RUNX3/CRTAM/TLR9/CCR2/BTN2A2/TYROBP/BCL6/IL12RB1/AXL/IL4I1/GPR68/ZAP70/CSF1/ANXA1/IRF4/LOXL3/MAFB/LAG3/SLAMF8/FOXN1/LGALS1/LILRB1/EVI2B/SLC9B2/IRF7/ITPKB/NFAM1/CCL19/CD86/TNFSF4/ROR2/ADA"
"GOBP_POSITIVE_REGULATION_OF_LEUKOCYTE_CELL_CELL_ADHESION","GOBP_POSITIVE_REGULATION_OF_LEUKOCYTE_CELL_CELL_ADHESION","GOBP_POSITIVE_REGULATION_OF_LEUKOCYTE_CELL_CELL_ADHESION",205,0.678757926404857,2.16734707762529,1.30012265008072e-09,4.76297106503485e-07,4.12350112817363e-07,1420,"tags=40%, list=10%, signal=37%","HLA-DRA/HLA-DRB5/TNFRSF13C/HLA-DRB1/CD40LG/CR1/CD28/CD83/CD5/CARD11/VCAM1/PTPRC/CD6/CCL2/IL2RA/TNFSF11/XCL1/HLA-E/RHOH/ZBTB16/HLA-DPB1/CCR7/CD209/NCKAP1L/HLA-DMA/IL7R/SASH3/CORO1A/ITGA4/GLI3/DOCK8/JAK3/TNFSF9/TESPA1/FOXP3/RASAL3/SIRPG/VNN1/SLAMF1/CD3E/LCK/ITGB2/FYN/CD4/PRKCQ/CD74/GATA3/LEF1/HLA-DOB/EGR3/RASGRP1/RUNX3/CCR2/BTN2A2/HLA-DPA1/ICOS/VAV1/BCL6/CCL21/HLA-DQB2/IL12RB1/SKAP1/IL4I1/ZAP70/FCHO1/ANXA1/ETS1/TNFSF14/EBI3/CD1D/LGALS1/LILRB1/HAVCR2/KLRK1/THY1/ITPKB/CCL19/CD86/TNFSF4/CD160/ADA/SELP/SIRPA"
"GOBP_POSITIVE_REGULATION_OF_CELL_CELL_ADHESION","GOBP_POSITIVE_REGULATION_OF_CELL_CELL_ADHESION","GOBP_POSITIVE_REGULATION_OF_CELL_CELL_ADHESION",242,0.645884017171275,2.09046909959789,2.0268081199379e-09,7.11578550774865e-07,6.16042994349546e-07,1560,"tags=38%, list=11%, signal=34%","HLA-DRA/HLA-DRB5/TNFRSF13C/HLA-DRB1/CD40LG/CR1/CD28/CD83/CD5/CARD11/VCAM1/PTPRC/CD6/CCL2/IL2RA/TNFSF11/XCL1/HLA-E/RHOH/ZBTB16/ADAM19/HLA-DPB1/CCR7/CD209/NCKAP1L/WNT5A/CXCL13/HLA-DMA/IL7R/SASH3/CORO1A/ITGA4/GLI3/DOCK8/JAK3/TNFSF9/TESPA1/FOXP3/RASAL3/SIRPG/VNN1/SLAMF1/CD3E/LCK/ITGB2/FYN/CD4/PRKCQ/CD74/CTSG/GATA3/LEF1/HLA-DOB/EGR3/RASGRP1/RUNX3/MMRN1/CCR2/BTN2A2/HLA-DPA1/ICOS/VAV1/PDPN/BCL6/CCL21/HLA-DQB2/IL12RB1/SKAP1/IL4I1/ZAP70/FCHO1/ANXA1/ETS1/TNFSF14/EBI3/CD1D/LGALS1/LILRB1/HAVCR2/KLRK1/THY1/ITPKB/CCL19/CD86/TNFSF4/CD160/ADA/SELP/SIRPA/FLOT1/AIF1/TMIGD2"
"GOBP_IMMUNE_RESPONSE_REGULATING_CELL_SURFACE_RECEPTOR_SIGNALING_PATHWAY","GOBP_IMMUNE_RESPONSE_REGULATING_CELL_SURFACE_RECEPTOR_SIGNALING_PATHWAY","GOBP_IMMUNE_RESPONSE_REGULATING_CELL_SURFACE_RECEPTOR_SIGNALING_PATHWAY",206,0.672465169506172,2.14773375991273,3.4702791933283e-09,1.16962289931937e-06,1.01259093935853e-06,1930,"tags=42%, list=14%, signal=36%","BTLA/CD22/CR2/HLA-DRB1/CD79B/SH2D1A/BANK1/CR1/CD28/MS4A1/TRAT1/CARD11/PTPRC/CD19/BTK/BLK/CD40/CLEC7A/LAT2/HLA-DPB1/CCR7/PVRIG/C3AR1/NCKAP1L/ITK/LAPTM5/RFTN1/MNDA/FGR/TRBC1/TESPA1/FOXP3/FCRL3/KLHL6/FCGR2B/LCK/FYN/MYO1G/PIK3CD/PRKCQ/PRKCB/CTLA4/GATA3/FPR3/CD79A/STAP1/CD226/BTN2A2/SH2B2/VAV1/CD247/TYROBP/CD300A/NFATC2/PRKCH/SKAP1/ZAP70/FCHO1/CD38/PRNP/FCER1G/CMTM3/LCP2/TXK/LILRB1/SLA2/KLRK1/KLRD1/THY1/MEF2C/NFAM1/CD160/ADA/FCGR3A/MAP3K1/PDE4B/UBASH3A/CD81/FER/HCK/KLRC1/PLCG2/LPXN/EIF2B3/BCL2/PTPN22"
"GOBP_LEUKOCYTE_PROLIFERATION","GOBP_LEUKOCYTE_PROLIFERATION","GOBP_LEUKOCYTE_PROLIFERATION",249,0.645093137448214,2.08659222870242,4.94008547719925e-09,1.60096770118773e-06,1.38602398206441e-06,1930,"tags=44%, list=14%, signal=38%","CD22/TNFRSF13C/CR2/HLA-DRB1/CD40LG/CR1/CD28/TMEM131L/MS4A1/CARD11/VCAM1/PTPRC/VSIG4/SPN/CD19/CD180/CD6/GAPT/IL2RA/TNFSF11/XCL1/BTK/BLK/CD40/HLA-E/GPNMB/HHEX/HLA-DPB1/IKZF3/GPR183/CD209/DOCK2/NCKAP1L/IL7R/SASH3/CORO1A/DOCK8/JAK3/TNFSF9/MNDA/FOXP3/RASAL3/SLAMF1/FCRL3/GJA1/CD3E/FCGR2B/FYN/PRKCQ/BMP4/CD74/CTLA4/RAC2/LEF1/CD79A/RASGRP1/PKN1/MSN/CRTAM/TLR9/CCR2/BTN2A2/TNFSF8/HLA-DPA1/TYROBP/BCL6/CD300A/CSF1R/NFATC2/CLU/IL12RB1/IL4I1/ZAP70/CSF1/CD38/PRNP/ANXA1/TNFSF14/PLA2G2D/EBI3/CSF2RA/CD1D/LILRB1/HAVCR2/ATM/ST6GAL1/TNFRSF13B/MEF2C/TNFRSF4/CCL19/CD86/TNFSF4/CADM1/ADA/LST1/FCGR3A/TWSG1/AIF1/TMIGD2/IDO1/CD81/P2RX7/GLMN/TNFRSF1B/MPL/CCL5/BST2/BCL2/PTPN22"
"GOBP_NEGATIVE_REGULATION_OF_IMMUNE_SYSTEM_PROCESS","GOBP_NEGATIVE_REGULATION_OF_IMMUNE_SYSTEM_PROCESS","GOBP_NEGATIVE_REGULATION_OF_IMMUNE_SYSTEM_PROCESS",331,0.598960646584335,1.9641551776425,9.26491796436618e-09,2.89134069510183e-06,2.50315327458314e-06,2156,"tags=39%, list=16%, signal=33%","SFRP1/LTF/CD22/CR2/HLA-B/HLA-DRB1/SH2D1A/BANK1/CR1/MILR1/TMEM131L/NLRC3/CNR2/PTPRC/VSIG4/SPN/RIPOR2/CCL2/IL2RA/HLA-F/XCL1/BTK/BLK/HLA-E/GPNMB/MERTK/PVRIG/ADORA2A/NCKAP1L/IL7R/FBN1/TGFB1/LAPTM5/GLI3/JAK3/MNDA/GPR18/CD96/FGR/FOXP3/APOD/SLAMF1/FCRL3/PDCD1/FCGR2B/FYN/IFI16/CXCL12/BMP4/CD74/CTSG/CTLA4/SPI1/ANGPT1/HLA-DOB/CD84/C1QC/RUNX3/PKN1/STAP1/CRTAM/CCR2/SAMSN1/BTN2A2/SYT11/TYROBP/BCL6/CD300A/CCL21/TBC1D10C/TNFAIP8L2/AXL/TIGIT/IL4I1/GPR68/BMP5/COL3A1/PRNP/ANXA1/LOXL3/MAFB/TSC22D3/LAG3/PLA2G2D/SLAMF8/SERPINB9/LILRB1/HAVCR2/SAMHD1/SLA2/ATM/TNFRSF13B/KLRK1/KLRD1/DDT/TRIM27/THY1/CD86/TNFSF4/CD160/CD200/ADA/LST1/SERPING1/EMILIN1/TWSG1/CNR1/NLRP6/UBASH3A/CD300LF/IDO1/FER/HCK/GLMN/GPR55/KLRC1/LPXN/HLA-DOA/BST2/PTPN22/CST7/LRRC32/PLK2/MIF/HLX/RHBDF2/LRCH1/TBX21"
"GOBP_CELL_ACTIVATION_INVOLVED_IN_IMMUNE_RESPONSE","GOBP_CELL_ACTIVATION_INVOLVED_IN_IMMUNE_RESPONSE","GOBP_CELL_ACTIVATION_INVOLVED_IN_IMMUNE_RESPONSE",236,0.647847160629191,2.09277681460989,1.99559824975284e-08,6.0053253044348e-06,5.1990585980403e-06,1640,"tags=33%, list=12%, signal=30%","HLA-DRA/HLA-DRB1/CD40LG/CR1/AICDA/MILR1/CD28/PTPRC/SPN/CD19/CD180/GAPT/HLA-F/BTK/BLK/CD40/APBB1IP/CD244/CCR6/CLEC7A/CD1C/LAT2/GPR183/EOMES/DOCK2/LCP1/NCKAP1L/DOCK11/ST3GAL1/CORO1A/TGFB1/JAK3/DOCK10/FGR/FOXP3/POU2AF1/SLAMF1/LY9/ITGAL/FCGR2B/ITM2A/ITGB2/PIK3CD/BATF/CD74/SPI1/RAC2/GATA3/LEF1/RORA/SLAMF6/CD84/RASGRP1/CCR2/TYROBP/BCL6/CD300A/MFNG/IL12RB1/IL18R1/ANXA1/FCER1G/IRF4/LOXL3/LGALS1/LAT/LILRB1/HAVCR2/CCL19/CD86/TNFSF4/PTGDS/ADA/ADGRE2/IRF8/GAB2/SWAP70/CD81/NOTCH2"
"GOBP_REGULATION_OF_IMMUNE_EFFECTOR_PROCESS","GOBP_REGULATION_OF_IMMUNE_EFFECTOR_PROCESS","GOBP_REGULATION_OF_IMMUNE_EFFECTOR_PROCESS",267,0.618770279402854,2.0065376724405,2.61572760059126e-08,7.60004164226963e-06,6.57967051618781e-06,1829,"tags=35%, list=13%, signal=31%","HLA-DRA/FCER2/CD22/CR2/HLA-B/HLA-DRB1/CD40LG/SH2D1A/CR1/CD28/PTPRC/VSIG4/CFH/HLA-F/SCIMP/XCL1/BTK/BLK/CD40/HLA-E/CD244/CLEC7A/CD1C/NCF1/NCKAP1L/WNT5A/IL7R/SASH3/TGFB1/LAPTM5/JAK3/CD96/FGR/FOXP3/SLAMF1/FCRL3/WAS/FCGR2B/ITGB2/CAMK4/CD74/SPI1/RAC2/C3/GATA3/ANGPT1/SLAMF6/CD84/RASGRP1/PKN1/STAP1/CRTAM/TLR9/CD226/CCR2/VAV1/TYROBP/BCL6/CD300A/IL12RB1/IL18R1/IL4I1/ANXA1/MR1/IRF4/LOXL3/LAG3/SLAMF8/CD36/CD1D/SERPINB9/LILRB1/HAVCR2/KLRK1/KLRD1/TNFRSF4/CCL19/CD86/TNFSF4/CD160/GPRC5B/CADM1/ADGRE2/SERPING1/GAB2/CD81/P2RX7/IL1R1/FER/TNFRSF1B/KLRC1/CD177/PLCG2"
"GOBP_T_CELL_DIFFERENTIATION","GOBP_T_CELL_DIFFERENTIATION","GOBP_T_CELL_DIFFERENTIATION",230,0.645667154851094,2.0847335183878,2.71342860109384e-08,7.62111646427224e-06,6.59791586160713e-06,1391,"tags=34%, list=10%, signal=31%","HLA-DRA/HLA-DRB1/CR1/CD28/CD83/TMEM131L/CARD11/PTPRC/SPN/IL2RA/CCR9/CCR6/RHOH/ZBTB16/CCR7/GPR183/EOMES/DOCK2/NCKAP1L/ITK/IL7R/SASH3/GLI3/JAK3/TNFSF9/GPR18/TESPA1/FOXP3/CD2/VNN1/LY9/CD3E/LCK/CAMK4/CD4/PIK3CD/CD3G/BATF/BMP4/CD74/CTLA4/TCF7/SPI1/GATA3/LEF1/RORA/SLAMF6/CD3D/EGR3/RASGRP1/RUNX3/CRTAM/CCR2/BTN2A2/TNFSF8/VAV1/BCL6/IL12RB1/IL18R1/IL4I1/ZAP70/RUNX2/ANXA1/FCER1G/MR1/IRF4/LOXL3/MAFB/LAG3/PLA2G2D/CD1D/FOXN1/PREX1/LEPR/ITPKB/CCL19/CD86/TNFSF4/ADA"
"GOBP_REGULATION_OF_LYMPHOCYTE_DIFFERENTIATION","GOBP_REGULATION_OF_LYMPHOCYTE_DIFFERENTIATION","GOBP_REGULATION_OF_LYMPHOCYTE_DIFFERENTIATION",154,0.705345501929468,2.20922546993076,3.3609501302324e-08,9.13527928946394e-06,7.90878927080154e-06,1391,"tags=36%, list=10%, signal=33%","HLA-DRA/SFRP1/HLA-DRB1/CR1/CD28/CD83/TMEM131L/CARD11/PTPRC/IL2RA/BTK/RHOH/ZBTB16/IKZF3/NCKAP1L/IL7R/SASH3/GLI3/JAK3/TNFSF9/TESPA1/FOXP3/CD2/VNN1/FCRL3/CAMK4/BMP4/CD74/CTLA4/TCF7/GATA3/LEF1/EGR3/RASGRP1/RUNX3/CRTAM/TLR9/CCR2/BTN2A2/BCL6/IL12RB1/AXL/IL4I1/ZAP70/ANXA1/IRF4/LOXL3/LAG3/SLAMF8/FOXN1/ITPKB/NFAM1/CCL19/CD86/TNFSF4/ADA"
"GOBP_LYMPHOCYTE_ACTIVATION_INVOLVED_IN_IMMUNE_RESPONSE","GOBP_LYMPHOCYTE_ACTIVATION_INVOLVED_IN_IMMUNE_RESPONSE","GOBP_LYMPHOCYTE_ACTIVATION_INVOLVED_IN_IMMUNE_RESPONSE",161,0.690570937232629,2.1683266113656,9.29754857230717e-08,2.44816075844563e-05,2.11947406598976e-05,1640,"tags=37%, list=12%, signal=33%","HLA-DRA/HLA-DRB1/CD40LG/CR1/AICDA/CD28/PTPRC/SPN/CD19/CD180/GAPT/HLA-F/CD40/APBB1IP/CD244/CCR6/CD1C/GPR183/EOMES/LCP1/NCKAP1L/DOCK11/ST3GAL1/CORO1A/TGFB1/JAK3/DOCK10/FOXP3/POU2AF1/LY9/ITGAL/FCGR2B/ITM2A/BATF/CD74/SPI1/GATA3/LEF1/RORA/SLAMF6/BCL6/MFNG/IL12RB1/IL18R1/ANXA1/FCER1G/IRF4/LOXL3/LGALS1/LILRB1/HAVCR2/CCL19/CD86/TNFSF4/ADA/IRF8/SWAP70/CD81/NOTCH2"
"GOBP_B_CELL_MEDIATED_IMMUNITY","GOBP_B_CELL_MEDIATED_IMMUNITY","GOBP_B_CELL_MEDIATED_IMMUNITY",116,0.733856829402235,2.24226174535956,3.37714498761433e-07,8.62297686837525e-05,7.46526786735799e-05,1441,"tags=41%, list=10%, signal=37%","HLA-DRA/HLA-DRB5/FCER2/CR2/HLA-DRB1/CD40LG/CR1/AICDA/CD28/IL21R/PTPRC/CD19/GAPT/XCL1/BTK/CD40/HLA-E/CCR6/HLA-DPB1/C1QB/HLA-DMA/TGFB1/TRBC1/FOXP3/C7/FCGR2B/C1S/BATF/CD74/C3/HLA-DOB/C4B/C1QC/CD226/HLA-DPA1/BCL6/HLA-DQB2/CLU/C2/C1QA/C8G/FCER1G/SLA2/IL9R/IRF7/TNFSF4/SERPING1/FCGR3A"
"GOBP_IMMUNE_RESPONSE_REGULATING_SIGNALING_PATHWAY","GOBP_IMMUNE_RESPONSE_REGULATING_SIGNALING_PATHWAY","GOBP_IMMUNE_RESPONSE_REGULATING_SIGNALING_PATHWAY",341,0.570605417807955,1.87810326312815,4.15419447446246e-07,0.000102950713652414,8.91286925945042e-05,2000,"tags=34%, list=14%, signal=30%","BTLA/LTF/CD22/TASL/CR2/HLA-DRB1/CD79B/SH2D1A/BANK1/CR1/CD28/MS4A1/TRAT1/CARD11/PTPRC/CD19/SCIMP/BTK/BLK/CD40/CLEC7A/LAT2/HLA-DPB1/CCR7/PVRIG/C3AR1/NCKAP1L/TLR10/ITK/TLR6/LAPTM5/RFTN1/MNDA/FGR/TRBC1/TESPA1/FOXP3/FCRL3/KLHL6/COLEC12/FCGR2B/LCK/FYN/MYO1G/PIK3CD/TLR7/PRKCQ/PRKCB/CTLA4/GATA3/FPR3/CD79A/STAP1/TLR9/CD226/BTN2A2/SH2B2/VAV1/CD247/TYROBP/CD300A/NFATC2/PRKCH/SKAP1/ZAP70/FCHO1/LY96/CD38/PRNP/FCER1G/IRF4/CMTM3/LCP2/CD36/TXK/LILRB1/CTSH/HAVCR2/CD14/SLA2/PTPRS/SLC15A3/KLRK1/KLRD1/THY1/TIFA/IRF7/MEF2C/NFAM1/CD160/TLR1/ADA/FCGR3A/FLOT1/RAB7B/MAP3K1/PDE4B/NLRP6/UBASH3A/CD300LF/PIK3AP1/CD81/SCARA3/FER/HCK/TLR5/KLRC1/PLCG2/LPXN/EIF2B3/BCL2/PTPN22/IRAK2/CYLD/ICOSLG"
"GOBP_REGULATION_OF_LEUKOCYTE_MEDIATED_IMMUNITY","GOBP_REGULATION_OF_LEUKOCYTE_MEDIATED_IMMUNITY","GOBP_REGULATION_OF_LEUKOCYTE_MEDIATED_IMMUNITY",187,0.652660152424923,2.08232095249689,1.26923590172317e-06,0.000305559477369127,0.000264535482674934,1829,"tags=37%, list=13%, signal=33%","HLA-DRA/FCER2/CR2/HLA-B/HLA-DRB1/SH2D1A/CR1/CD28/PTPRC/HLA-F/SCIMP/XCL1/BTK/BLK/CD40/HLA-E/CLEC7A/CD1C/NCKAP1L/IL7R/SASH3/TGFB1/JAK3/CD96/FGR/FOXP3/SLAMF1/WAS/FCGR2B/ITGB2/CAMK4/SPI1/RAC2/C3/GATA3/SLAMF6/CD84/RASGRP1/STAP1/CRTAM/CD226/CCR2/VAV1/TYROBP/BCL6/CD300A/IL12RB1/IL18R1/IL4I1/MR1/LAG3/CD1D/SERPINB9/LILRB1/HAVCR2/KLRK1/KLRD1/TNFSF4/CD160/CADM1/ADGRE2/GAB2/CD81/P2RX7/IL1R1/FER/TNFRSF1B/KLRC1/CD177/PLCG2"
"GOBP_REGULATION_OF_LYMPHOCYTE_MEDIATED_IMMUNITY","GOBP_REGULATION_OF_LYMPHOCYTE_MEDIATED_IMMUNITY","GOBP_REGULATION_OF_LYMPHOCYTE_MEDIATED_IMMUNITY",132,0.683369942856666,2.12455450644669,1.33517732344187e-06,0.000312505670203367,0.000270549089223748,1779,"tags=39%, list=13%, signal=35%","HLA-DRA/FCER2/CR2/HLA-B/HLA-DRB1/SH2D1A/CR1/CD28/PTPRC/HLA-F/XCL1/BTK/CD40/HLA-E/CD1C/NCKAP1L/IL7R/SASH3/TGFB1/CD96/FOXP3/SLAMF1/WAS/FCGR2B/C3/GATA3/SLAMF6/RASGRP1/CRTAM/CD226/CCR2/VAV1/BCL6/IL12RB1/IL18R1/IL4I1/MR1/LAG3/CD1D/SERPINB9/LILRB1/HAVCR2/KLRK1/KLRD1/TNFSF4/CD160/CADM1/CD81/P2RX7/IL1R1/TNFRSF1B/KLRC1"
"GOBP_IMMUNOGLOBULIN_PRODUCTION","GOBP_IMMUNOGLOBULIN_PRODUCTION","GOBP_IMMUNOGLOBULIN_PRODUCTION",107,0.733787805708926,2.22339252015742,1.45851706993634e-06,0.000332147698142801,0.000287554005537948,1334,"tags=33%, list=10%, signal=30%","HLA-DRA/HLA-DRB5/CD22/HLA-DRB1/VPREB3/CD40LG/CR1/AICDA/CD28/PTPRC/GAPT/XCL1/BTK/CD40/HLA-E/CCR6/HLA-DPB1/HLA-DMA/SASH3/TGFB1/FOXP3/FCRL3/FCGR2B/TRDV1/BATF/HLA-DOB/PKN1/TLR9/HLA-DPA1/BCL6/HLA-DQB2/SAMHD1/TNFRSF4/CD86/TNFSF4"
"GOCC_COLLAGEN_CONTAINING_EXTRACELLULAR_MATRIX","GOCC_COLLAGEN_CONTAINING_EXTRACELLULAR_MATRIX","GOCC_COLLAGEN_CONTAINING_EXTRACELLULAR_MATRIX",292,0.578464856811493,1.88817099990466,1.69997067522698e-06,0.000376946129196382,0.000326337860923074,1907,"tags=42%, list=14%, signal=37%","LRRC15/SFRP1/LEFTY2/ADAMDEC1/ABI3BP/EFEMP1/SERPINA5/TNXB/VWA2/MFAP4/COL4A6/DCN/HMCN1/OGN/ADAM19/C1QB/COL19A1/SERPINE1/WNT5A/VWC2/EGFLAM/LUM/POSTN/FBN1/TGFB1/PLAT/CILP/ANGPT2/MFAP5/SULF1/ANXA6/ADAMTS1/CCDC80/FBLN1/MXRA5/NCAM1/LTBP2/THBS2/WNT5B/COL13A1/COL4A5/L1CAM/VCAN/COL4A4/APOH/CXCL12/ADAMTS9/COL8A1/CTSG/LOXL1/GPC6/DPT/ANGPT1/HAPLN1/APOE/MMP2/COL14A1/C1QC/LAMA2/MGP/SERPINF1/MMRN1/FN1/ADAMTS10/ITIH5/PCOLCE/SERPINA3/COL1A2/CLU/C1QA/COL3A1/ANXA1/COL9A3/COL5A1/RARRES2/LTBP3/LGALS1/SERPINB9/PRELP/CTSH/CDON/MEGF9/PXDN/CDH13/SMOC2/LAMA4/FBLN2/FBN2/COL18A1/SPARC/COL5A2/ADAMTS8/LAMC3/COL1A1/SERPING1/GPC3/MMP9/EMILIN1/ANGPTL2/NID1/SDC3/LAMC1/GDF15/FREM1/ELN/CLEC3B/A1BG/PDGFB/SCARA3/MFAP2/CTSF/COL15A1/COL6A2/LAMB2/COL8A2/ADAMTSL4/COL6A3/SDC2/SLPI/COL12A1/SRPX/MMP23B"
"GOBP_POSITIVE_REGULATION_OF_HEMOPOIESIS","GOBP_POSITIVE_REGULATION_OF_HEMOPOIESIS","GOBP_POSITIVE_REGULATION_OF_HEMOPOIESIS",132,0.680937443132517,2.11699201660515,1.79011937048699e-06,0.000386757585018548,0.000334832044196352,1391,"tags=35%, list=10%, signal=32%","HLA-DRA/HLA-DRB1/CR1/CD83/PTPRC/IL2RA/TNFSF11/BTK/HCLS1/RHOH/ZBTB16/NCKAP1L/IL7R/SASH3/TGFB1/GLI3/TNFSF9/TESPA1/FOXP3/VNN1/CD4/CD74/GATA3/LEF1/EGR3/RASGRP1/RUNX3/BTN2A2/TYROBP/BCL6/IL12RB1/AXL/IL4I1/GPR68/ZAP70/CSF1/ANXA1/LGALS1/EVI2B/SLC9B2/ITPKB/CCL19/CD86/TNFSF4/ROR2/ADA"
"GOBP_REGULATION_OF_HEMOPOIESIS","GOBP_REGULATION_OF_HEMOPOIESIS","GOBP_REGULATION_OF_HEMOPOIESIS",305,0.57619364813599,1.88591938891338,1.84260510990628e-06,0.000388144766401757,0.000336032984517119,1391,"tags=27%, list=10%, signal=25%","HLA-DRA/SFRP1/LTF/HLA-B/HLA-DRB1/CR1/CD28/CD83/TMEM131L/CARD11/PTPRC/IL2RA/TNFSF11/BTK/HCLS1/RHOH/ZBTB16/IKZF3/NCKAP1L/IL7R/SASH3/FBN1/TGFB1/RASSF2/GLI3/JAK3/TNFSF9/TESPA1/FOXP3/CD2/VNN1/CSF3R/FCRL3/FCGR2B/CAMK4/CD4/BMP4/CD74/CTLA4/LOX/TCF7/SPI1/GATA3/LEF1/EGR3/RASGRP1/C1QC/RUNX3/CRTAM/TLR9/CCR2/BTN2A2/TYROBP/BCL6/IL12RB1/AXL/IL4I1/GPR68/ZAP70/CSF1/ANXA1/IRF4/LOXL3/ETS1/MAFB/LAG3/SLAMF8/FOXN1/LGALS1/LILRB1/EVI2B/SLC9B2/PTN/IRF7/MEF2C/ITPKB/NFAM1/GPR171/CCL19/CD86/TNFSF4/ROR2/ADA"
"GOBP_LEUKOCYTE_MIGRATION","GOBP_LEUKOCYTE_MIGRATION","GOBP_LEUKOCYTE_MIGRATION",289,0.577856273251445,1.88545121729718,2.85661706955599e-06,0.000587069644587286,0.000508250482465288,2337,"tags=42%, list=17%, signal=36%","CXCR4/SELL/CCL4/CXCR5/CCL13/CNR2/VCAM1/SPN/RIPOR2/FOLR2/CCL2/TNFSF11/XCL1/CCR6/RHOH/CCR7/GPR183/SERPINE1/EDNRB/PLA2G7/C3AR1/NCKAP1L/WNT5A/CXCL13/CORO1A/ITGA4/DOCK8/IL16/S1PR1/GPR18/APOD/OLFM4/CSF3R/SLAMF1/ITGB7/ITGAL/LCK/ITGB2/FYN/MYO1G/PIK3CD/CXCL12/CD74/CTSG/SPI1/RAC2/GATA3/CCL22/RET/GP2/GPSM3/STAP1/MSN/CRTAM/CCR2/VAV1/CD300A/CSF1R/CCL21/VEGFC/BMP5/ARHGEF5/ZAP70/CSF1/ANXA1/ASB2/FCER1G/PGF/ANO6/RARRES2/SELPLG/TNFSF14/SLAMF8/LYVE1/LGMN/PTN/PREX1/KLRK1/ITGA9/DDT/THY1/CCL19/VEGFB/ROR2/CYP7B1/CD200/ADA/ADGRE2/SELP/SIRPA/MMP9/EMILIN1/PDE4B/XCL2/SWAP70/AIF1/CAMK1D/CCL14/CD81/UMODL1/IL1R1/PDGFB/FER/HCK/CD177/CCL5/JAM2/CCR5/MIF/JAM3/PTPRO/LRCH1/ADAM8/TBX21/CCR1/CHGA/CMKLR1/C5/PECAM1/PIK3CG/SLIT2"
"GOCC_PLASMA_MEMBRANE_PROTEIN_COMPLEX","GOCC_PLASMA_MEMBRANE_PROTEIN_COMPLEX","GOCC_PLASMA_MEMBRANE_PROTEIN_COMPLEX",380,0.540916760361374,1.78904293838295,3.31820808509719e-06,0.000665695745834022,0.000576320351622143,1807,"tags=29%, list=13%, signal=26%","HLA-DRA/HLA-DRB5/HLA-C/GP1BA/NCF1B/HLA-B/HLA-DRB1/CD79B/HCN2/CACNA1I/TRAT1/VCAM1/IL2RA/HLA-F/CD40/APBB1IP/HLA-E/SHISA6/NCF1/GJC2/HLA-DPB1/TRAC/PLP1/VWC2/CNTNAP2/HLA-DMA/GNB5/TRAV13-1/TLR6/ITGA4/NCF1C/GFRA1/C7/GJA1/CD3E/ITGB7/ITGAL/COL13A1/KCNA3/ITGB2/CD4/TRDV1/OLFM2/CD3G/KCNAB2/EVC/CD74/GNG13/SCNN1G/CYBB/GRIK3/GNAZ/IRS1/HLA-DOB/CD79A/CD3D/GNB4/RET/SCN7A/ATP1A3/PORCN/HLA-DPA1/KCNG1/CD247/KCNA2/HLA-DQB2/CDH11/IL12RB1/SKAP1/SGCE/IL18R1/RYR1/ZAP70/C8G/FCER1G/MR1/GNG2/CSF2RA/GRIK5/KCNIP3/ATP6V0D2/OSMR/KCNS3/GNG7/CDH13/IL2RB/TRAF1/ITGA9/SGCB/TLR1/SCN4B/GJD3/GJA9/ITGA11/FCGR3A/FLOT1/EMILIN1/DMD/APH1B/PDE4B/SGCD/HTR3C/EVC2/TGFBR3/ATP1B2/GNGT2/GJC1/ITGAX/ABCA2/TRAF5/UTRN/GNAI2"
"GOBP_ANTIGEN_RECEPTOR_MEDIATED_SIGNALING_PATHWAY","GOBP_ANTIGEN_RECEPTOR_MEDIATED_SIGNALING_PATHWAY","GOBP_ANTIGEN_RECEPTOR_MEDIATED_SIGNALING_PATHWAY",152,0.675271288251834,2.11814749359014,3.50155573146214e-06,0.000686142060309303,0.000594021572069343,1930,"tags=43%, list=14%, signal=37%","CD22/HLA-DRB1/CD79B/SH2D1A/BANK1/CD28/MS4A1/TRAT1/CARD11/PTPRC/CD19/BTK/BLK/LAT2/HLA-DPB1/CCR7/PVRIG/NCKAP1L/ITK/LAPTM5/RFTN1/MNDA/TRBC1/TESPA1/FOXP3/FCRL3/KLHL6/FCGR2B/LCK/FYN/PIK3CD/PRKCB/CTLA4/GATA3/CD79A/STAP1/CD226/BTN2A2/SH2B2/CD247/CD300A/NFATC2/PRKCH/SKAP1/ZAP70/FCHO1/CD38/PRNP/CMTM3/LCP2/TXK/SLA2/THY1/MEF2C/NFAM1/CD160/ADA/PDE4B/UBASH3A/CD81/PLCG2/LPXN/EIF2B3/BCL2/PTPN22"
"GOBP_REGULATION_OF_T_CELL_DIFFERENTIATION","GOBP_REGULATION_OF_T_CELL_DIFFERENTIATION","GOBP_REGULATION_OF_T_CELL_DIFFERENTIATION",131,0.702557753098848,2.18005304948329,3.96029212261563e-06,0.000758395941480893,0.00065657474664417,1391,"tags=37%, list=10%, signal=33%","HLA-DRA/HLA-DRB1/CR1/CD28/CD83/TMEM131L/CARD11/PTPRC/IL2RA/RHOH/ZBTB16/NCKAP1L/IL7R/SASH3/GLI3/JAK3/TNFSF9/TESPA1/FOXP3/CD2/VNN1/CAMK4/BMP4/CD74/CTLA4/TCF7/GATA3/LEF1/EGR3/RASGRP1/RUNX3/CRTAM/CCR2/BTN2A2/BCL6/IL12RB1/IL4I1/ZAP70/ANXA1/IRF4/LOXL3/LAG3/FOXN1/ITPKB/CCL19/CD86/TNFSF4/ADA"
"GOBP_REGULATION_OF_ADAPTIVE_IMMUNE_RESPONSE","GOBP_REGULATION_OF_ADAPTIVE_IMMUNE_RESPONSE","GOBP_REGULATION_OF_ADAPTIVE_IMMUNE_RESPONSE",151,0.666848432547154,2.09210973488976,4.28556087381538e-06,0.000802447464950408,0.000694711973229019,1391,"tags=35%, list=10%, signal=32%","HLA-DRA/FCER2/CR2/HLA-B/HLA-DRB1/CR1/CD28/PTPRC/HLA-F/XCL1/BTK/CD40/HLA-E/CLEC7A/CD1C/NCKAP1L/IL7R/SASH3/TGFB1/JAK3/FOXP3/SLAMF1/WAS/FCGR2B/CD4/PRKCQ/C3/GATA3/CD48/PKN1/CD226/CCR2/SAMSN1/BCL6/IL12RB1/SKAP1/IL18R1/IL4I1/ANXA1/MR1/LOXL3/CD1D/LILRB1/HAVCR2/ADCY7/KLRD1/TRIM27/IRF7/MEF2C/CCL19/TNFSF4/CD160/ADA"
"GOMF_PEPTIDE_BINDING","GOMF_PEPTIDE_BINDING","GOMF_PEPTIDE_BINDING",216,0.619799744287994,1.99624488143135,5.61371340873002e-06,0.00102828585178172,0.000890229609210505,1474,"tags=20%, list=11%, signal=18%","MAML1/HLA-DRA/HLA-DRB5/HLA-C/HLA-B/HLA-DRB1/MME/HLA-F/HLA-E/CD1C/HLA-DPB1/CD209/EDNRB/ADRB2/TLR6/GSTM1/MSR1/NGFR/FCGR2B/ITM2A/ITGB2/APBB1/CD74/APOE/ATP1A3/PEX5/PFDN6/HLA-DPA1/CLU/C1QA/FBXO2/PRNP/EBI3/CD36/CD1D/LILRB1/MAPK8IP2/CD14/LEPR/GLP2R/PRLR/TLR1/PTGES/LDLRAD3"
"GOCC_EXTERNAL_ENCAPSULATING_STRUCTURE","GOCC_EXTERNAL_ENCAPSULATING_STRUCTURE","GOCC_EXTERNAL_ENCAPSULATING_STRUCTURE",368,0.539174109073024,1.78379298029561,6.14679831455663e-06,0.00110197707656285,0.000954027151620995,1907,"tags=39%, list=14%, signal=35%","LRRC15/SFRP1/LEFTY2/RELN/ADAMDEC1/GP1BA/DGCR6/WNT3/ABI3BP/EFEMP1/SERPINA5/TNXB/CD180/VWA2/MFAP4/COL4A6/DCN/HMCN1/OGN/ADAM19/C1QB/COL19A1/SPOCK2/SERPINE1/FBLN7/WNT5A/VWC2/EGFLAM/LUM/POSTN/FBN1/TGFB1/PLAT/CILP/LINGO1/MMP11/ANGPT2/MFAP5/SULF1/ANXA6/ADAMTS1/CCDC80/FBLN1/EMID1/MXRA5/NCAM1/LTBP2/THBS2/CRISPLD2/WNT5B/COL13A1/CCN4/COLEC12/COL4A5/L1CAM/VCAN/COL4A4/APOH/CXCL12/ADAMTS9/COL8A1/CTSG/LOX/LOXL1/GPC6/DPT/ANGPT1/HAPLN1/APOE/MMP2/COL14A1/C1QC/LAMA2/MGP/SERPINF1/MMRN1/FN1/ADAMTS10/ITIH5/PCOLCE/HAPLN4/SERPINA3/COL1A2/CLU/C1QA/COL3A1/ADAMTSL2/ANXA1/COL9A3/COL5A1/RARRES2/LTBP3/LGALS1/CD248/SERPINB9/PRELP/CTSH/CDON/MEGF9/PXDN/CDH13/SMOC2/LAMA4/FBLN2/FBN2/COL18A1/ADAMTSL5/SPARC/COL5A2/ADAMTS8/LAMC3/WNT11/COL1A1/MMP1/SERPING1/GPC3/MMP9/EMILIN1/ANGPTL2/NID1/SDC3/LAMC1/GDF15/FREM1/TGFBR3/ELN/PAPLN/MMP25/CLEC3B/A1BG/PDGFB/SCARA3/MFAP2/CTSF/COL15A1/COL6A2/LAMB2/COL8A2/ADAMTSL4/COL6A3/SDC2/SLPI/COL12A1/SRPX/MMP23B"
"GOBP_REGULATION_OF_LEUKOCYTE_PROLIFERATION","GOBP_REGULATION_OF_LEUKOCYTE_PROLIFERATION","GOBP_REGULATION_OF_LEUKOCYTE_PROLIFERATION",197,0.62984331422138,2.00828362869358,6.95861860667981e-06,0.00119659837509968,0.00103594472490421,2092,"tags=48%, list=15%, signal=41%","CD22/TNFRSF13C/HLA-DRB1/CD40LG/CR1/CD28/TMEM131L/CARD11/VCAM1/PTPRC/VSIG4/SPN/CD6/IL2RA/XCL1/BTK/BLK/CD40/HLA-E/GPNMB/HHEX/HLA-DPB1/IKZF3/GPR183/CD209/NCKAP1L/SASH3/CORO1A/JAK3/TNFSF9/MNDA/FOXP3/RASAL3/SLAMF1/FCRL3/CD3E/FCGR2B/PRKCQ/BMP4/CD74/CTLA4/RAC2/PKN1/CRTAM/TLR9/CCR2/BTN2A2/TNFSF8/HLA-DPA1/TYROBP/BCL6/CD300A/CSF1R/NFATC2/IL12RB1/IL4I1/ZAP70/CSF1/CD38/PRNP/ANXA1/PLA2G2D/EBI3/CSF2RA/CD1D/LILRB1/HAVCR2/ATM/ST6GAL1/TNFRSF13B/MEF2C/TNFRSF4/CCL19/CD86/TNFSF4/ADA/LST1/FCGR3A/TWSG1/AIF1/TMIGD2/IDO1/CD81/GLMN/TNFRSF1B/MPL/CCL5/BST2/BCL2/PTPN22/ICOSLG/TNFSF13B/LRRC32/MIF"
"GOBP_POSITIVE_REGULATION_OF_CYTOKINE_PRODUCTION","GOBP_POSITIVE_REGULATION_OF_CYTOKINE_PRODUCTION","GOBP_POSITIVE_REGULATION_OF_CYTOKINE_PRODUCTION",353,0.541600075607041,1.78906061332273,6.84573341676548e-06,0.00119659837509968,0.00103594472490421,1734,"tags=33%, list=13%, signal=30%","CD40LG/CD28/CD83/CARD11/PTPRC/SPN/CD6/HLA-F/SCIMP/XCL1/CD40/HLA-E/CD244/CLEC7A/NLRP1/HLA-DPB1/CCR7/SERPINE1/SCAMP5/C3AR1/WNT5A/ITK/SASH3/LUM/TGFB1/TLR6/LAPTM5/AIM2/IL16/RFTN1/SULF1/MNDA/PYHIN1/FGR/FOXP3/CD2/POU2AF1/SLAMF1/LY9/CD3E/CAMK4/LTB/CD4/PIK3CD/IFI16/BATF/TLR7/PRKCQ/CD74/CYBB/C3/GATA3/RORA/SLAMF6/CD84/RASGRP1/GPSM3/GBP5/IL12RB2/CRTAM/TLR9/POU2F2/CD226/CCR2/HLA-DPA1/OAS2/TYROBP/CSF1R/CLU/IL12RB1/IL18R1/TIGIT/LY96/AGPAT1/ANXA1/LRRK2/FCER1G/IRF4/EBI3/CD36/TXK/LILRB1/HAVCR2/CD14/KLRK1/DDT/TRIM27/IRF7/NFAM1/CCL19/CD86/AKAP12/TNFSF4/CD160/ISL1/GPRC5B/IRF5/WNT11/CADM1/TLR1/CD200/SPHK1/CARD8/IRF8/FLOT1/RAB7B/CYP1B1/PDE4B/TRIM32/AIF1/TMIGD2/IDO1/CD81/P2RX7/IL1R1/GLMN/TLR5"
"GOBP_PRODUCTION_OF_MOLECULAR_MEDIATOR_OF_IMMUNE_RESPONSE","GOBP_PRODUCTION_OF_MOLECULAR_MEDIATOR_OF_IMMUNE_RESPONSE","GOBP_PRODUCTION_OF_MOLECULAR_MEDIATOR_OF_IMMUNE_RESPONSE",176,0.653274001873177,2.07369392964811,8.41714697348511e-06,0.00141845760797171,0.00122801744265793,1372,"tags=31%, list=10%, signal=29%","HLA-DRA/HLA-DRB5/CD22/HLA-DRB1/VPREB3/CD40LG/CR1/AICDA/CD28/PTPRC/GAPT/HLA-F/SCIMP/XCL1/BTK/CD40/HLA-E/CD244/CCR6/CLEC7A/HLA-DPB1/WNT5A/HLA-DMA/SASH3/TGFB1/LAPTM5/JAK3/CD96/FOXP3/SLAMF1/FCRL3/FCGR2B/CAMK4/TRDV1/BATF/CD74/GATA3/ANGPT1/HLA-DOB/PKN1/TLR9/CD226/CCR2/HLA-DPA1/BCL6/HLA-DQB2/IL18R1/CD36/LILRB1/SAMHD1/TNFRSF4/CD86/TNFSF4/CD160/GPRC5B"
"REACTOME_EXTRACELLULAR_MATRIX_ORGANIZATION","REACTOME_EXTRACELLULAR_MATRIX_ORGANIZATION","REACTOME_EXTRACELLULAR_MATRIX_ORGANIZATION",231,0.600070043674994,1.93483555542822,9.95626264857534e-06,0.00164493076621364,0.00142408462651449,2513,"tags=44%, list=18%, signal=36%","TMPRSS6/MUSK/EFEMP1/TNXB/PCOLCE2/VCAM1/MFAP4/LOXL4/COL4A6/DCN/ADAM19/COL19A1/SERPINE1/LUM/FBN1/TGFB1/ITGA4/MMP11/MFAP5/ADAMTS1/FBLN1/NCAM1/LTBP2/ADAM12/ITGB7/ITGAL/COL13A1/COL4A5/ITGB2/VCAN/COL4A4/ADAMTS9/BMP4/COL8A1/CTSG/LOX/LOXL1/HAPLN1/MMP2/COL14A1/LAMA2/FN1/NRXN1/PCOLCE/COL1A2/COL3A1/COL9A3/LOXL3/COL5A1/CAPN6/LTBP3/PTPRS/PXDN/LAMA4/FBLN2/FBN2/ITGA9/COL18A1/SPARC/COL5A2/ADAMTS8/LAMC3/CAPN13/DDR2/COL1A1/MMP1/ITGA11/MMP9/EMILIN1/NID1/DMD/SDC3/LAMC1/ELN/MMP25/PDGFB/MFAP2/ITGAX/COL15A1/COL6A2/LAMB2/COL8A2/TTR/COL6A3/SDC2/COL12A1/JAM2/COL27A1/JAM3/ADAM8/CTSK/A2M/LTBP1/PECAM1/CAPN10/CAPN12/CD44/EMILIN2/COL4A1/EFEMP2/TGFB3"
"KEGG_CELL_ADHESION_MOLECULES_CAMS","KEGG_CELL_ADHESION_MOLECULES_CAMS","KEGG_CELL_ADHESION_MOLECULES_CAMS",110,0.724029365054203,2.19927159946735,1.11029352585571e-05,0.00179440102527318,0.00155348721440443,2000,"tags=54%, list=14%, signal=46%","HLA-DRA/HLA-DRB5/HLA-C/SELL/CD22/HLA-B/HLA-DRB1/CD40LG/CD28/CNTN2/VCAM1/PTPRC/SPN/CD6/HLA-F/CD40/HLA-E/NLGN4X/HLA-DPB1/CNTNAP2/HLA-DMA/ITGA4/CLDN2/CNTN1/CD2/NCAM1/PDCD1/PTPRM/ITGB7/ITGAL/ITGB2/L1CAM/VCAN/CD4/CTLA4/HLA-DOB/CD226/HLA-DPA1/ICOS/NRXN1/MPZ/CADM3/SELPLG/NLGN3/ITGA9/CD86/CADM1/ALCAM/SELP/SDC3/ESAM/NEGR1/NRXN2/SDC2/HLA-DOA/NFASC/JAM2/SIGLEC1/ICOSLG"
"GOMF_AMIDE_BINDING","GOMF_AMIDE_BINDING","GOMF_AMIDE_BINDING",283,0.57149536579924,1.86034580449495,1.12868804105719e-05,0.00179440102527318,0.00155348721440443,1474,"tags=17%, list=11%, signal=16%","MAML1/HLA-DRA/HLA-DRB5/HLA-C/HLA-B/HLA-DRB1/FOLR2/MME/HLA-F/HLA-E/CD1C/HLA-DPB1/SLC46A1/CD209/EDNRB/ADRB2/TLR6/GSTM1/MSR1/NGFR/NFATC1/GLTPD2/FCGR2B/ITM2A/ITGB2/APBB1/CD74/APOE/ATP1A3/PEX5/PFDN6/HLA-DPA1/CLU/C1QA/FBXO2/PRNP/EBI3/CD36/CD1D/LILRB1/MAPK8IP2/CD14/LEPR/GLP2R/PRLR/TLR1/PTGES/PLTP/LDLRAD3"
"GOCC_DNA_PACKAGING_COMPLEX","GOCC_DNA_PACKAGING_COMPLEX","GOCC_DNA_PACKAGING_COMPLEX",73,-0.770199843540668,-2.64926884335465,1.33889570419991e-05,0.00208917318584971,0.00180868367058584,874,"tags=26%, list=6%, signal=25%","NCAPH/H2AC13/CENPA/H3C10/H2AC18/H2BC6/H2BC9/H3C6/H4C14/H2AC6/H1-2/H3C8/H2AC17/H2BC21/H4C8/H2BC4/H2BC11/H2AC20/H2AC19"
"GOBP_REGULATION_OF_CELL_KILLING","GOBP_REGULATION_OF_CELL_KILLING","GOBP_REGULATION_OF_CELL_KILLING",72,0.77432580298449,2.23829250730789,1.99918701362344e-05,0.0030627545048711,0.00265155330227951,1380,"tags=47%, list=10%, signal=43%","HLA-DRA/FCER2/HLA-B/HLA-DRB1/SH2D1A/PTPRC/CFH/HLA-F/XCL1/HLA-E/CLEC7A/CD1C/NCKAP1L/IL7R/FCGR2B/SPI1/SLAMF6/RASGRP1/STAP1/CRTAM/CD226/VAV1/TYROBP/IL12RB1/MR1/LAG3/CD1D/SERPINB9/LILRB1/HAVCR2/KLRK1/KLRD1/CD160/CADM1"
"GOCC_PROTEIN_DNA_COMPLEX","GOCC_PROTEIN_DNA_COMPLEX","GOCC_PROTEIN_DNA_COMPLEX",144,-0.622335690949266,-2.20373269284504,2.13193392899524e-05,0.00320779915816319,0.00277712446013853,1052,"tags=16%, list=8%, signal=15%","JUND/RAD52/HOXA11/H2AC13/CENPA/CDC45/H3C10/H2AC18/H2BC6/H2BC9/H3C6/H4C14/H2AC6/H1-2/H3C8/H2AC17/H2BC21/H4C8/H2BC4/H2BC11/H2AC20/FOS/H2AC19"
"GOBP_POSITIVE_REGULATION_OF_RESPONSE_TO_EXTERNAL_STIMULUS","GOBP_POSITIVE_REGULATION_OF_RESPONSE_TO_EXTERNAL_STIMULUS","GOBP_POSITIVE_REGULATION_OF_RESPONSE_TO_EXTERNAL_STIMULUS",327,0.538890017480105,1.76871036936054,3.64703665712053e-05,0.00539121594261362,0.00466739871354484,1633,"tags=30%, list=12%, signal=27%","CXCR4/CCL4/TASL/SH2D1A/CD28/CD180/RIPOR2/HLA-F/TNFSF11/SCIMP/XCL1/BTK/HLA-E/CCR6/CLEC7A/LY86/CCR4/BMP6/NLRP1/CCR7/SERPINE1/PLA2G7/C3AR1/NCKAP1L/WNT5A/CXCL13/TLR10/TGFB1/AIM2/IL16/S1PR1/MNDA/PYHIN1/SLAMF1/CCN4/FYN/APOH/IFI16/CXCL12/TLR7/CD74/SPI1/RAC2/C3/SLAMF6/RASGRP1/GPSM3/STAP1/GBP5/CRTAM/TLR9/CD226/CCR2/VAV1/TYROBP/CSF1R/CCL21/VEGFC/LY96/CSF1/LRRK2/PGF/ETS1/ANO6/RARRES2/LAG3/TNFSF14/LGMN/TXK/CD1D/LGALS1/HAVCR2/OSMR/PTN/PDGFRB/ALOX5AP/CDH13/SMOC2/KLRK1/PRKD1/KLRD1/DDT/IRF7/CASR/CCL19/VEGFB/TNFSF4/CD160/GPRC5B/CADM1/FGFR1/EMILIN1/XCL2/SWAP70/AIF1/CNR1/CAMK1D/IDO1/CD81"
"WP_NOTCH_SIGNALING_PATHWAY","WP_NOTCH_SIGNALING_PATHWAY","WP_NOTCH_SIGNALING_PATHWAY",55,0.801250015576665,2.22708078678825,4.24373484687672e-05,0.00571404424281709,0.00494688453067853,624,"tags=7%, list=5%, signal=7%","MAML1/DTX1/LCK/GATA3"
"GOBP_POSITIVE_REGULATION_OF_LYMPHOCYTE_DIFFERENTIATION","GOBP_POSITIVE_REGULATION_OF_LYMPHOCYTE_DIFFERENTIATION","GOBP_POSITIVE_REGULATION_OF_LYMPHOCYTE_DIFFERENTIATION",94,0.72532538599126,2.17045529730157,4.34012380180743e-05,0.00571404424281709,0.00494688453067853,1391,"tags=37%, list=10%, signal=34%","HLA-DRA/HLA-DRB1/CR1/CD83/PTPRC/IL2RA/BTK/RHOH/ZBTB16/NCKAP1L/IL7R/SASH3/GLI3/TNFSF9/TESPA1/FOXP3/VNN1/CD74/GATA3/LEF1/EGR3/RASGRP1/RUNX3/BTN2A2/BCL6/IL12RB1/AXL/IL4I1/ZAP70/ANXA1/ITPKB/CCL19/CD86/TNFSF4/ADA"
"REACTOME_TRANSCRIPTIONAL_REGULATION_BY_RUNX3","REACTOME_TRANSCRIPTIONAL_REGULATION_BY_RUNX3","REACTOME_TRANSCRIPTIONAL_REGULATION_BY_RUNX3",92,0.721058204857531,2.14593078610221,4.30846692684077e-05,0.00571404424281709,0.00494688453067853,1030,"tags=11%, list=7%, signal=10%","MAML1/TGFB1/ITGA4/ITGAL/TCF7/LEF1/SMURF1/RUNX3/MAMLD1/CDKN2A"
"GOBP_REGULATION_OF_B_CELL_ACTIVATION","GOBP_REGULATION_OF_B_CELL_ACTIVATION","GOBP_REGULATION_OF_B_CELL_ACTIVATION",112,0.695053581263104,2.10879852737761,4.29829128323579e-05,0.00571404424281709,0.00494688453067853,1391,"tags=38%, list=10%, signal=35%","SFRP1/CD22/TNFRSF13C/BANK1/CR1/CD28/CARD11/PTPRC/CD19/BTK/BLK/CD40/IKZF3/GPR183/NCKAP1L/SASH3/TGFB1/LAPTM5/MNDA/TRBC1/FOXP3/FCRL3/FCGR2B/CD74/CTLA4/PKN1/TLR9/SAMSN1/TYROBP/BCL6/CD300A/NFATC2/TBC1D10C/IL4I1/CD38/SLAMF8/ATM/TNFRSF13B/MEF2C/TNFRSF4/NFAM1/TNFSF4/ADA"
"GOBP_ALPHA_BETA_T_CELL_ACTIVATION","GOBP_ALPHA_BETA_T_CELL_ACTIVATION","GOBP_ALPHA_BETA_T_CELL_ACTIVATION",135,0.677990843341092,2.10632977490044,4.0641210015917e-05,0.00571404424281709,0.00494688453067853,1391,"tags=39%, list=10%, signal=35%","HLA-DRA/HLA-DRB1/CD28/CD83/PTPRC/SPN/WDFY4/XCL1/HLA-E/ZBTB16/GPR183/EOMES/ADORA2A/DOCK2/NCKAP1L/ITK/SASH3/GLI3/JAK3/GPR18/FOXP3/RASAL3/LY9/CD3E/BATF/PRKCQ/GATA3/LEF1/RORA/SLAMF6/RUNX3/CRTAM/CCR2/TNFSF8/CLEC4A/BCL6/CD300A/IL12RB1/IL18R1/ZAP70/ANXA1/IRF4/LOXL3/PLA2G2D/EBI3/LILRB1/ITPKB/CCL19/CD86/TNFSF4/CD160/ADA"
"GOBP_POSITIVE_REGULATION_OF_IMMUNE_EFFECTOR_PROCESS","GOBP_POSITIVE_REGULATION_OF_IMMUNE_EFFECTOR_PROCESS","GOBP_POSITIVE_REGULATION_OF_IMMUNE_EFFECTOR_PROCESS",190,0.623857166978144,1.99285355310416,4.1884815365803e-05,0.00571404424281709,0.00494688453067853,1700,"tags=35%, list=12%, signal=31%","HLA-DRA/FCER2/HLA-B/HLA-DRB1/SH2D1A/CR1/CD28/PTPRC/HLA-F/SCIMP/XCL1/BTK/BLK/CD40/HLA-E/CD244/CLEC7A/CD1C/WNT5A/SASH3/TGFB1/LAPTM5/FGR/FOXP3/SLAMF1/ITGB2/CAMK4/CD74/SPI1/RAC2/C3/GATA3/SLAMF6/CD84/RASGRP1/STAP1/CRTAM/TLR9/CD226/CCR2/VAV1/TYROBP/CD300A/IL12RB1/IL18R1/ANXA1/MR1/LAG3/CD36/CD1D/LILRB1/KLRK1/KLRD1/TNFRSF4/CCL19/CD86/TNFSF4/CD160/GPRC5B/CADM1/ADGRE2/GAB2/CD81/P2RX7/IL1R1/FER"
"GOCC_ENDOCYTIC_VESICLE","GOCC_ENDOCYTIC_VESICLE","GOCC_ENDOCYTIC_VESICLE",283,0.559292327447248,1.82062217319573,4.3146522565131e-05,0.00571404424281709,0.00494688453067853,1521,"tags=22%, list=11%, signal=20%","HLA-DRA/HLA-DRB5/HBA1/HLA-C/PLD4/GPR161/HBB/LTF/HVCN1/WNT3/CD163/HLA-B/HLA-DRB1/HBA2/HLA-F/SCIMP/HLA-E/NCF1/HLA-DPB1/MPEG1/WNT5A/IL7R/CORO1A/ADRB2/SFTPA2/TLR6/MSR1/CSF3R/SLAMF1/WAS/RAB11FIP3/FMNL1/WNT5B/COLEC12/CD4/SMO/CD3G/TLR7/CD74/CTLA4/RAC2/CYBB/APOE/CD3D/APOB/TLR9/HLA-DPA1/SYT11/HLA-DQB2/PTCH1/RAB8B/CD36/NLGN3/ATP6V0D2/RAB31/SPARC/ROR2/RAB34/TLR1/SPHK1/VIM/RAB7B/ABCA1"
"GOBP_NEGATIVE_REGULATION_OF_CELL_ACTIVATION","GOBP_NEGATIVE_REGULATION_OF_CELL_ACTIVATION","GOBP_NEGATIVE_REGULATION_OF_CELL_ACTIVATION",169,0.636501610125608,2.00910961631937,4.75633662131676e-05,0.0061656757494177,0.0053378806130729,1730,"tags=43%, list=12%, signal=38%","SFRP1/HLA-DRB1/BANK1/CR1/MILR1/TMEM131L/CNR2/PTPRC/VSIG4/SPN/RIPOR2/IL2RA/HLA-F/XCL1/BTK/BLK/GPNMB/MERTK/ADORA2A/NCKAP1L/LAPTM5/GLI3/JAK3/MNDA/FGR/FOXP3/FCGR2B/PDGFRA/BMP4/CD74/CTSG/CTLA4/SPI1/APOE/CD84/RUNX3/PKN1/CRTAM/CCR2/SAMSN1/BTN2A2/SYT11/TYROBP/C1QTNF1/BCL6/CD300A/TBC1D10C/TNFAIP8L2/AXL/TIGIT/IL4I1/PRNP/ANXA1/LOXL3/LAG3/PLA2G2D/LILRB1/HAVCR2/ATM/CYGB/TNFRSF13B/CD86/TNFSF4/CD200/LST1/EMILIN1/TWSG1/CNR1/CD300LF/IDO1/PDGFB/FER/GLMN"
"GOBP_B_CELL_PROLIFERATION","GOBP_B_CELL_PROLIFERATION","GOBP_B_CELL_PROLIFERATION",69,0.775534069114623,2.22985712430714,5.18220543833724e-05,0.00661594894294388,0.0057277007476359,1391,"tags=55%, list=10%, signal=50%","CD22/TNFRSF13C/CR2/CD40LG/MS4A1/CARD11/PTPRC/CD19/CD180/GAPT/BTK/BLK/CD40/IKZF3/GPR183/NCKAP1L/IL7R/SASH3/MNDA/FCRL3/FCGR2B/CD74/CTLA4/LEF1/CD79A/RASGRP1/PKN1/TLR9/TYROBP/BCL6/CD300A/NFATC2/CD38/ATM/TNFRSF13B/MEF2C/TNFRSF4/ADA"
"GOBP_REGULATION_OF_LEUKOCYTE_MEDIATED_CYTOTOXICITY","GOBP_REGULATION_OF_LEUKOCYTE_MEDIATED_CYTOTOXICITY","GOBP_REGULATION_OF_LEUKOCYTE_MEDIATED_CYTOTOXICITY",62,0.792253830438588,2.23798417811456,5.5375425849738e-05,0.00676222229289699,0.00585433563903409,1380,"tags=50%, list=10%, signal=45%","HLA-DRA/HLA-B/HLA-DRB1/SH2D1A/PTPRC/HLA-F/XCL1/HLA-E/CD1C/NCKAP1L/IL7R/FCGR2B/SPI1/SLAMF6/RASGRP1/STAP1/CRTAM/CD226/VAV1/TYROBP/IL12RB1/MR1/LAG3/CD1D/SERPINB9/LILRB1/HAVCR2/KLRK1/KLRD1/CD160/CADM1"
"KEGG_HEMATOPOIETIC_CELL_LINEAGE","KEGG_HEMATOPOIETIC_CELL_LINEAGE","KEGG_HEMATOPOIETIC_CELL_LINEAGE",64,0.778398068909684,2.2015744670538,5.5375425849738e-05,0.00676222229289699,0.00585433563903409,1247,"tags=53%, list=9%, signal=49%","HLA-DRA/HLA-DRB5/FCER2/CD22/GP1BA/CR2/HLA-DRB1/CR1/CD5/MS4A1/CD19/MME/IL2RA/CD37/CD1C/IL7R/ITGA4/CD2/CSF3R/CD3E/CD4/CD3G/CD3D/FLT3LG/CSF1R/CSF1/CD38/CSF2RA/CD36/CD1D/CD14/CD7/IL1R2/IL9R"
"GOBP_NEGATIVE_REGULATION_OF_CYTOKINE_PRODUCTION","GOBP_NEGATIVE_REGULATION_OF_CYTOKINE_PRODUCTION","GOBP_NEGATIVE_REGULATION_OF_CYTOKINE_PRODUCTION",201,0.603639026464323,1.93117000248813,5.44815423961106e-05,0.00676222229289699,0.00585433563903409,1613,"tags=30%, list=12%, signal=27%","PPP1R11/LTF/HLA-DRB1/BANK1/CR1/CD83/NLRC3/PTPRC/VSIG4/HLA-F/XCL1/BTK/GPNMB/CCR7/MERTK/ACP5/NCKAP1L/TGFB1/TLR6/LAPTM5/JAK3/GPR18/CD96/FOXP3/APOD/ABCD2/SLAMF1/FCGR2B/GATA3/LEF1/ANGPT1/CD84/TLR9/FN1/BTN2A2/SYT11/CLEC4A/TYROBP/BCL6/AXL/TIGIT/TRIB2/PRNP/ANXA1/HOMER3/LAG3/LILRB1/HAVCR2/ADCY7/PTPRS/IL1R2/TRIM27/TNFSF4/WNT11/CD200/SIRPA/CARD8/TWSG1/NLRP6/IDO1"
"GOMF_PROTEIN_SERINE_THREONINE_PHOSPHATASE_INHIBITOR_ACTIVITY","GOMF_PROTEIN_SERINE_THREONINE_PHOSPHATASE_INHIBITOR_ACTIVITY","GOMF_PROTEIN_SERINE_THREONINE_PHOSPHATASE_INHIBITOR_ACTIVITY",10,0.956944075556948,2.01048507190328,6.84154454853215e-05,0.00811927526280731,0.00702919254578618,29,"tags=20%, list=0%, signal=20%","PPP1R11/PPP1R14A"
"GOBP_CELL_CHEMOTAXIS","GOBP_CELL_CHEMOTAXIS","GOBP_CELL_CHEMOTAXIS",227,0.585270266806305,1.88639519258928,6.81522019215864e-05,0.00811927526280731,0.00702919254578618,1614,"tags=36%, list=12%, signal=32%","CXCR4/CCL4/CXCR5/XCR1/CCL13/CNR2/VCAM1/RIPOR2/FOLR2/CCL2/TNFSF11/XCL1/CCR9/CCR6/CCR4/CCR7/GPR183/SERPINE1/EDNRB/PLA2G7/C3AR1/NCKAP1L/WNT5A/CXCL13/CORO1A/IL16/S1PR1/GPR18/CSF3R/SLAMF1/PDGFRA/ITGB2/PIK3CD/CXCL12/PRKCQ/CD74/CTSG/LOX/SPI1/RAC2/CCL22/LEF1/EGR3/GPSM3/STAP1/ACKR3/CCR2/VAV1/CSF1R/CCL21/VEGFC/ARHGEF5/CSF1/ANXA1/FCER1G/PGF/ANO6/RARRES2/TNFSF14/SLAMF8/LGMN/PTN/PREX1/PDGFRB/SMOC2/BIN2/KLRK1/ITGA9/PRKD1/DDT/CCL19/VEGFB/CYP7B1/ADGRE2/FGFR1/CXCL14/PDE4B/XCL2/SWAP70/AIF1/CAMK1D/CCL14"
"GOBP_CELL_KILLING","GOBP_CELL_KILLING","GOBP_CELL_KILLING",115,0.686262849120681,2.0964322304526,6.95621220378726e-05,0.00814070055959881,0.00704774131173183,1779,"tags=40%, list=13%, signal=35%","HLA-DRA/FCER2/LTF/HLA-B/HLA-DRB1/SH2D1A/CCL13/PTPRC/CFH/HLA-F/XCL1/HLA-E/CLEC7A/CD1C/NCKAP1L/IL7R/CORO1A/FCGR2B/CTSG/SPI1/C3/SLAMF6/RASGRP1/STAP1/CRTAM/CD226/VAV1/TYROBP/IL12RB1/MR1/LAG3/CD1D/SERPINB9/LILRB1/CTSH/HAVCR2/KLRK1/KLRD1/CD160/CADM1/FCGR3A/NLRP6/LYZ/P2RX7/SLAMF7/KLRC1"
"BIOCARTA_TCRA_PATHWAY","BIOCARTA_TCRA_PATHWAY","BIOCARTA_TCRA_PATHWAY",12,0.932162982228002,2.02967245471521,8.32491952791856e-05,0.00960900985510162,0.00831891742299577,951,"tags=100%, list=7%, signal=93%","HLA-DRA/HLA-DRB5/HLA-DRB1/PTPRC/CD3E/LCK/FYN/CD4/CD3G/CD3D/CD247/ZAP70"
"REACTOME_COSTIMULATION_BY_THE_CD28_FAMILY","REACTOME_COSTIMULATION_BY_THE_CD28_FAMILY","REACTOME_COSTIMULATION_BY_THE_CD28_FAMILY",65,0.776111647170608,2.20758961089712,8.79233744088506e-05,0.0100113831455267,0.00866726862949267,979,"tags=31%, list=7%, signal=29%","HLA-DRA/HLA-DRB5/BTLA/HLA-DRB1/CD28/HLA-DPB1/PDCD1/CD3E/LCK/FYN/CD4/CD3G/CTLA4/CD3D/HLA-DPA1/ICOS/VAV1/CD247/HLA-DQB2/GRAP2"
"GOBP_RESPONSE_TO_BACTERIUM","GOBP_RESPONSE_TO_BACTERIUM","GOBP_RESPONSE_TO_BACTERIUM",419,0.505393434325407,1.67755684045916,9.50961742486394e-05,0.0106837381895871,0.00924935421113082,2031,"tags=31%, list=15%, signal=27%","PPP1R11/LTF/HLA-B/HLA-DRB1/PTGFR/BANK1/AICDA/MS4A1/CNR2/VCAM1/SPN/CD180/CD6/CCL2/SCIMP/FAM20A/HLA-E/LY86/KMO/CCR4/BMP6/NLRP1/HMCN1/CCR7/IKZF3/SERPINE1/ACP5/EDNRB/TRAC/MPEG1/WNT5A/CXCL13/IL7R/TRAV13-1/TGFB1/TLR6/CD96/CCDC80/FGR/TRBC1/FOXP3/KLHL6/IFI44/COLEC12/FCGR2B/CD4/ADAMTS9/CTSG/LOXL1/SPI1/C3/WFDC2/C4B/CFD/SCN7A/STAP1/GBP5/APOB/IL12RB2/DIO2/TLR9/IL10RA/TNFSF8/SYT11/OAS2/AXL/C2/LY96/FCER1G/MR1/RARRES2/SLAMF8/CD36/CD1D/LILRB1/HAVCR2/CD14/AQP1/NUGGC/KLRK1/PRKD1/MEF2C/RGS1/CD86/AKAP12/PRLR/TNFSF4/JCHAIN/CD160/IRF5/TLR1/SELP/SIRPA/IL18BP/CARD8/VIM/GPC3/IRF8/EMILIN1/ABCA1/PDE4B/CNR1/NLRP6/HMGCS2/IDO1/NOTCH2/GBP4/LYZ/P2RX7/FER/HCK/TLR5/CA5B/TNFRSF1B/PNLIPRP2/PLCG2/SLPI/CCL5/LDOC1/PYGL/PTPN22/RNASE6/IRAK2/SRR/ALAD/VGF/CCR5/LYPD8"
"GOBP_CARDIAC_MUSCLE_TISSUE_DEVELOPMENT","GOBP_CARDIAC_MUSCLE_TISSUE_DEVELOPMENT","GOBP_CARDIAC_MUSCLE_TISSUE_DEVELOPMENT",145,0.645750053022584,2.0163632727771,0.000106955593069687,0.011857997726384,0.0102659592794035,1685,"tags=23%, list=12%, signal=20%","MAML1/SIK1/WNT5A/TENM4/TGFB1/S1PR1/GJA1/ALPK2/NDRG4/PDGFRA/ADAMTS9/BMP4/NRG1/TNNC1/SLC8A1/BMP5/ASB2/FGF9/MSC/HOPX/AKAP6/PDGFRB/ALDH1A2/MEF2C/SGCB/ISL1/SOX6/NEBL/SGCD/TGFBR3/BVES/NOTCH2/GJC1"
"PID_NOTCH_PATHWAY","PID_NOTCH_PATHWAY","PID_NOTCH_PATHWAY",51,0.819060714095441,2.26319853113038,0.000119141950490859,0.0130375334394283,0.0112871321517656,744,"tags=14%, list=5%, signal=13%","MAML1/DTX1/CNTN1/MFAP5/ADAM12/GATA3/DNM1"
"GOMF_ANTIGEN_BINDING","GOMF_ANTIGEN_BINDING","GOMF_ANTIGEN_BINDING",49,0.819875316976888,2.26236641414555,0.000123695085613832,0.0131930986250905,0.0114218113698049,824,"tags=43%, list=6%, signal=40%","MAML1/HLA-DRA/HLA-DRB5/HLA-C/HLA-B/HLA-DRB1/HLA-F/MFAP4/CD40/HLA-E/CD1C/HLA-DPB1/CD209/IL7R/TGFB1/ITGA4/TRBC1/SLAMF1/CD48/GP2/HLA-DPA1"
"GOBP_REGULATION_OF_CHEMOTAXIS","GOBP_REGULATION_OF_CHEMOTAXIS","GOBP_REGULATION_OF_CHEMOTAXIS",168,0.623178301448475,1.96416151944665,0.000122821921604383,0.0131930986250905,0.0114218113698049,2337,"tags=45%, list=17%, signal=38%","CXCR4/CCL4/WNT3/RIPOR2/CCL2/XCL1/CCR6/CCR4/CCR7/GPR183/SERPINE1/PLA2G7/C3AR1/NCKAP1L/WNT5A/CXCL13/TGFB1/IL16/S1PR1/ANGPT2/GPR18/SLAMF1/TUBB2B/PDGFRA/CXCL12/CD74/SPI1/RAC2/GPSM3/STAP1/CCR2/SEMA3E/CSF1R/CCL21/VEGFC/MYCBP2/CSF1/PGF/ANO6/RARRES2/SEMA3D/TNFSF14/SLAMF8/LGMN/ST6GAL1/PTN/PDGFRB/CDH13/SMOC2/KLRK1/PRKD1/DDT/SEMA4D/CASR/CCL19/VEGFB/ROBO1/FGFR1/XCL2/SWAP70/AIF1/CAMK1D/PDGFB/PLXNA3/CCL5/NRP1/MIF/JAM3/PTPRO/PPM1F/CCR1/ADGRA2/CMKLR1/SEMA4A/C5/SLIT2"
"GOBP_POSITIVE_REGULATION_OF_CELL_KILLING","GOBP_POSITIVE_REGULATION_OF_CELL_KILLING","GOBP_POSITIVE_REGULATION_OF_CELL_KILLING",48,0.82980058076723,2.28533699883466,0.000132445326136132,0.0137818328835281,0.0119315029773571,1380,"tags=56%, list=10%, signal=51%","HLA-DRA/FCER2/HLA-B/HLA-DRB1/SH2D1A/PTPRC/HLA-F/XCL1/HLA-E/CLEC7A/CD1C/SPI1/SLAMF6/RASGRP1/STAP1/CRTAM/CD226/VAV1/TYROBP/IL12RB1/MR1/LAG3/CD1D/KLRK1/KLRD1/CD160/CADM1"
"REACTOME_TCR_SIGNALING","REACTOME_TCR_SIGNALING","REACTOME_TCR_SIGNALING",109,0.689314113236341,2.0935976990969,0.0001324861694239,0.0137818328835281,0.0119315029773571,1095,"tags=21%, list=8%, signal=20%","HLA-DRA/HLA-DRB5/HLA-DRB1/TRAT1/CARD11/PTPRC/HLA-DPB1/ITK/EVL/WAS/CD3E/LCK/CD4/CD3G/PRKCQ/CD3D/HLA-DPA1/CD247/HLA-DQB2/ZAP70/GRAP2/LCP2/LAT"
"REACTOME_NOTCH2_INTRACELLULAR_DOMAIN_REGULATES_TRANSCRIPTION","REACTOME_NOTCH2_INTRACELLULAR_DOMAIN_REGULATES_TRANSCRIPTION","REACTOME_NOTCH2_INTRACELLULAR_DOMAIN_REGULATES_TRANSCRIPTION",12,0.924075860855961,2.01206372340994,0.000138688484998747,0.0142510874951152,0.0123377561109284,10,"tags=17%, list=0%, signal=17%","MAML1/FCER2"
"KEGG_NOTCH_SIGNALING_PATHWAY","KEGG_NOTCH_SIGNALING_PATHWAY","KEGG_NOTCH_SIGNALING_PATHWAY",43,0.839040714975164,2.28127091731849,0.000146717887304283,0.0148769219934634,0.0128795669312655,132,"tags=5%, list=1%, signal=5%","MAML1/DTX1"
"GOBP_POSITIVE_REGULATION_OF_LEUKOCYTE_MEDIATED_IMMUNITY","GOBP_POSITIVE_REGULATION_OF_LEUKOCYTE_MEDIATED_IMMUNITY","GOBP_POSITIVE_REGULATION_OF_LEUKOCYTE_MEDIATED_IMMUNITY",111,0.692929746718731,2.10483875484033,0.000148310164663058,0.0148769219934634,0.0128795669312655,1829,"tags=41%, list=13%, signal=36%","HLA-DRA/FCER2/HLA-B/HLA-DRB1/SH2D1A/CD28/PTPRC/HLA-F/SCIMP/XCL1/BTK/CD40/HLA-E/CLEC7A/CD1C/SASH3/TGFB1/FOXP3/SLAMF1/ITGB2/CAMK4/SPI1/C3/GATA3/SLAMF6/RASGRP1/STAP1/CRTAM/CD226/VAV1/TYROBP/IL12RB1/IL18R1/MR1/LAG3/CD1D/KLRK1/KLRD1/TNFSF4/CD160/CADM1/CD81/P2RX7/IL1R1/CD177/PLCG2"
"WP_HEAD_AND_NECK_SQUAMOUS_CELL_CARCINOMA","WP_HEAD_AND_NECK_SQUAMOUS_CELL_CARCINOMA","WP_HEAD_AND_NECK_SQUAMOUS_CELL_CARCINOMA",67,0.768013113805036,2.18823539003576,0.000154141914182611,0.015279997281208,0.0132285258858884,1,"tags=1%, list=0%, signal=1%","MAML1"
"GOBP_IMMUNOGLOBULIN_PRODUCTION_INVOLVED_IN_IMMUNOGLOBULIN_MEDIATED_IMMUNE_RESPONSE","GOBP_IMMUNOGLOBULIN_PRODUCTION_INVOLVED_IN_IMMUNOGLOBULIN_MEDIATED_IMMUNE_RESPONSE","GOBP_IMMUNOGLOBULIN_PRODUCTION_INVOLVED_IN_IMMUNOGLOBULIN_MEDIATED_IMMUNE_RESPONSE",65,0.768295550115562,2.18535732676714,0.000173794261169484,0.0170277958676055,0.0147416674406919,905,"tags=32%, list=7%, signal=30%","HLA-DRA/HLA-DRB5/HLA-DRB1/CD40LG/AICDA/CD28/PTPRC/GAPT/XCL1/BTK/CD40/CCR6/HLA-DPB1/HLA-DMA/TGFB1/FOXP3/BATF/HLA-DOB/HLA-DPA1/BCL6/HLA-DQB2"
"GOBP_CARDIOCYTE_DIFFERENTIATION","GOBP_CARDIOCYTE_DIFFERENTIATION","GOBP_CARDIOCYTE_DIFFERENTIATION",101,0.700807826814451,2.11165041823682,0.000183160954847428,0.0177392437418899,0.0153575973029967,1629,"tags=25%, list=12%, signal=22%","MAML1/PRICKLE1/VCAM1/SIK1/EOMES/TENM4/TGFB1/ALPK2/PDGFRA/BMP4/NRG1/SLC8A1/ASB2/AKAP6/PDGFRB/MEF2C/SGCB/ISL1/SOX6/SPRY1/HAND2/NEBL/SGCD/TGFBR3/BVES"
"GOMF_IMMUNE_RECEPTOR_ACTIVITY","GOMF_IMMUNE_RECEPTOR_ACTIVITY","GOMF_IMMUNE_RECEPTOR_ACTIVITY",101,0.699008544786402,2.10622888254375,0.000191423702731357,0.0181228777439821,0.0156897251322094,1493,"tags=49%, list=11%, signal=44%","HLA-DRA/CXCR4/CXCR5/XCR1/CR2/HLA-DRB1/CR1/IL21R/IL2RA/CCR9/CCR6/CCR4/CCR7/C3AR1/GFRA2/IL7R/GFRA3/GFRA1/CSF3R/FCGR2B/CD4/CD74/FPR3/HLA-DOB/ACKR3/IL12RB2/IL10RA/CCR2/HLA-DPA1/HLA-DQB2/IL12RB1/IL18R1/FCER1G/MR1/EBI3/CSF2RA/LILRB1/CTSH/OSMR/IL1R2/KLRK1/IL2RB/IL9R/KLRD1/LEPR/PRLR/CD160/FCGR3A/LIFR"
"GOBP_CELLULAR_ION_HOMEOSTASIS","GOBP_CELLULAR_ION_HOMEOSTASIS","GOBP_CELLULAR_ION_HOMEOSTASIS",468,0.483608603107799,1.61359844456412,0.000190526059862594,0.0181228777439821,0.0156897251322094,2399,"tags=28%, list=17%, signal=24%","TMPRSS6/P2RX5/CXCR4/HVCN1/TASL/GP1BA/CXCR5/XCR1/SLC39A7/CP/PTGFR/S1PR3/SCARA5/P2RY8/CCL13/MS4A1/P2RY10/PTPRC/CD19/XCL1/GPR199P/CCR9/CD40/CCR6/CCR4/BMP6/CCR7/SLC46A1/GPR174/EDNRB/C3AR1/WNT5A/CXCL13/P2RY6/CORO1A/SV2A/SLC9A9/GPR65/ITPR1/S1PR1/JAK3/GPR18/ANXA6/CD52/NALF2/LCK/PDGFRA/FYN/MT3/CXCL12/TMEM38A/PRKCB/TRPC3/SCNN1G/TRPV2/FPR3/APOE/S1PR4/STC1/ACKR3/LPAR3/ATP1A3/SLC4A9/KCTD17/CCR2/SLC9A7/SLC41A1/C1QTNF1/CCL21/SLC8A1/RYR1/CD38/ANK2/PRNP/LRRK2/SLC4A8/SLAMF8/CLIC2/CD36/ATP6V0D2/AKAP6/SCGN/PRKD1/THY1/CASR/CIB2/CCL19/PPT1/SLC11A2/MT1DP/DMD/SLC4A7/SWAP70/CNR1/FRRS1/CCL14/NMB/ATP1B2/P2RX7/SMDT1/SLC26A3/GPR55/PLCG2/KCTD7/SLC22A17/CCL5/BCL2/SLC24A3/KCNQ1/CACNA2D1/CCR5/GRINA/SLC9A6/ATP7A/CKB/SLC9A3/FKBP1B/STEAP2/ADCY5/TMEM9/CCR1/CYSLTR1/DLG4/CMKLR1/MCUB/MCOLN3/GRIN2B/LACC1/PIK3CG/GSTO1/UBASH3B/PTPN6"
"PID_TCR_PATHWAY","PID_TCR_PATHWAY","PID_TCR_PATHWAY",61,0.776085870691558,2.18842778929652,0.000206998859646506,0.0191667295756205,0.0165934308542544,1487,"tags=43%, list=11%, signal=38%","HLA-DRA/RASGRP2/CD28/CARD11/PTPRC/ITK/RASSF5/WAS/CD3E/LCK/FYN/CD4/CD3G/PRKCQ/PRKCB/CD3D/RASGRP1/VAV1/CD247/ZAP70/GRAP2/LCP2/LAT/SLA2/CD86/GAB2"
"BIOCARTA_THELPER_PATHWAY","BIOCARTA_THELPER_PATHWAY","BIOCARTA_THELPER_PATHWAY",12,0.906458965598153,1.97370505896597,0.000206813236841102,0.0191667295756205,0.0165934308542544,1282,"tags=92%, list=9%, signal=83%","CD28/PTPRC/CD2/CD3E/ITGAL/ITGB2/CD4/CD3G/CD3D/CD247/THY1"
"REACTOME_IMMUNOREGULATORY_INTERACTIONS_BETWEEN_A_LYMPHOID_AND_A_NON_LYMPHOID_CELL","REACTOME_IMMUNOREGULATORY_INTERACTIONS_BETWEEN_A_LYMPHOID_AND_A_NON_LYMPHOID_CELL","REACTOME_IMMUNOREGULATORY_INTERACTIONS_BETWEEN_A_LYMPHOID_AND_A_NON_LYMPHOID_CELL",81,0.730896706547459,2.15229203537718,0.000235411440027271,0.0215606173224976,0.0186659185284781,1779,"tags=60%, list=13%, signal=53%","LAIR1/TREML2/HLA-C/SELL/CD22/HLA-B/CD40LG/SH2D1A/VCAM1/CD19/HLA-F/CD40/HLA-E/SIGLEC10/CD1C/ITGA4/CLEC2D/CD96/CD3E/ITGB7/ITGAL/COLEC12/FCGR2B/ITGB2/CD3G/C3/SLAMF6/CD3D/CRTAM/CD226/CD247/TYROBP/CD300A/COL1A2/HCST/COL3A1/CD1D/LILRB1/KLRK1/KLRD1/CD160/CD200/COL1A1/FCGR3A/CD300LF/CD81/KLRB1/SLAMF7/KLRC1"
"GOBP_POSITIVE_REGULATION_OF_LOCOMOTION","GOBP_POSITIVE_REGULATION_OF_LOCOMOTION","GOBP_POSITIVE_REGULATION_OF_LOCOMOTION",469,0.479674016791295,1.59971677640149,0.000253150290937682,0.0229359607681818,0.0198566102569115,2210,"tags=30%, list=16%, signal=27%","LRRC15/CXCR4/RELN/CCL4/PTPRC/SPN/RIPOR2/CARMIL2/TACR2/XCL1/CD40/CCR6/CLEC7A/GPNMB/CCR4/CCR7/SPOCK2/SERPINE1/PLA2G7/C3AR1/NCKAP1L/WNT5A/PLP1/CXCL13/P2RY6/CORO1A/TGFB1/ITGA4/DOCK8/IL16/S1PR1/ADAMTS1/FGR/SLAMF1/INSM1/WNT5B/CCN4/PDGFRA/SMO/PIK3CD/CXCL12/BMP4/CD74/SPI1/RAC2/GATA3/LEF1/ANGPT1/MMP2/IQSEC1/RET/GPSM3/ACKR3/F10/NRP2/CCR2/FN1/ZNF703/RIPOR1/PDPN/SEMA3E/CSF1R/CCL21/RDX/SLC8A1/VEGFC/CSF1/ANXA1/PGF/ETS1/ANO6/RARRES2/FGF9/SEMA3D/TNFSF14/LYVE1/LGMN/CTSH/FERMT3/ATM/PTN/MAP3K3/PDGFC/PDGFRB/TIAM1/CDH13/FGF7/SMOC2/PRKD1/THY1/SEMA4D/SPARC/CASR/CCL19/VEGFB/AKAP12/ROR2/SNAI2/WNT11/DDR2/COL1A1/SPHK1/SELP/FGFR1/ATOH8/MMP9/FERMT2/CYP1B1/XCL2/SWAP70/TRIM32/SYDE1/AIF1/CAMK1D/MAP4K4/BVES/MAPRE2/ONECUT2/IL1R1/PDGFB/FER/ITGAX/GNAI2/ZNF304/PLCG2/FLT4/CCL5/BCL2/NRP1/HYAL1/JAM2/TEK/TDGF1/ATP7A/PLK2/JAM3/HAS2/PPM1F/ADAM8/ADRA2A/CCR1/ADGRA2/TGFBR1"
"REACTOME_SIGNALING_BY_NOTCH4","REACTOME_SIGNALING_BY_NOTCH4","REACTOME_SIGNALING_BY_NOTCH4",76,0.738050071819371,2.15214817816278,0.000258930530211955,0.0229657752375362,0.0198824218766632,1,"tags=1%, list=0%, signal=1%","MAML1"
"BIOCARTA_TCYTOTOXIC_PATHWAY","BIOCARTA_TCYTOTOXIC_PATHWAY","BIOCARTA_TCYTOTOXIC_PATHWAY",12,0.891337638740276,1.94078019369314,0.000257166619253988,0.0229657752375362,0.0198824218766632,1282,"tags=83%, list=9%, signal=76%","CD28/PTPRC/CD2/CD3E/ITGAL/ITGB2/CD3G/CD3D/CD247/THY1"
"GOBP_ANTIGEN_PROCESSING_AND_PRESENTATION","GOBP_ANTIGEN_PROCESSING_AND_PRESENTATION","GOBP_ANTIGEN_PROCESSING_AND_PRESENTATION",95,0.70513821212268,2.11569262130701,0.000265145086042256,0.0232720051561672,0.0201475377880794,1370,"tags=36%, list=10%, signal=32%","HLA-DRA/HLA-DRB5/HLA-C/HLA-B/HLA-DRB1/WDFY4/HLA-F/HLA-E/CD1C/HLA-DPB1/CCR7/CD209/HLA-DMA/RFTN1/WAS/FCGR2B/CD74/HLA-DOB/HLA-DPA1/CLEC4A/ABCB9/CCL21/HLA-DQB2/RAB8B/FCER1G/MR1/LGMN/MARCHF1/CD1D/RAB33A/CTSH/CCL19/IFI30/RAB34"
"REACTOME_NOTCH1_INTRACELLULAR_DOMAIN_REGULATES_TRANSCRIPTION","REACTOME_NOTCH1_INTRACELLULAR_DOMAIN_REGULATES_TRANSCRIPTION","REACTOME_NOTCH1_INTRACELLULAR_DOMAIN_REGULATES_TRANSCRIPTION",46,0.815421332596625,2.23664071375482,0.000295286552389913,0.0246344999053208,0.0213271058682865,1,"tags=2%, list=0%, signal=2%","MAML1"
"GOBP_REGULATION_OF_ALPHA_BETA_T_CELL_ACTIVATION","GOBP_REGULATION_OF_ALPHA_BETA_T_CELL_ACTIVATION","GOBP_REGULATION_OF_ALPHA_BETA_T_CELL_ACTIVATION",89,0.706998862056962,2.09033525860735,0.000283691404949675,0.0246344999053208,0.0213271058682865,1633,"tags=43%, list=12%, signal=38%","HLA-DRA/HLA-DRB1/CD28/CD83/PTPRC/XCL1/HLA-E/ZBTB16/ADORA2A/NCKAP1L/SASH3/GLI3/JAK3/FOXP3/RASAL3/CD3E/PRKCQ/GATA3/RUNX3/CRTAM/CCR2/BCL6/CD300A/IL12RB1/ZAP70/ANXA1/IRF4/LOXL3/EBI3/LILRB1/ITPKB/CCL19/CD86/TNFSF4/CD160/ADA/TWSG1/CD81"
"REACTOME_REGULATION_OF_GENE_EXPRESSION_IN_LATE_STAGE_BRANCHING_MORPHOGENESIS_PANCREATIC_BUD_PRECURSOR_CELLS","REACTOME_REGULATION_OF_GENE_EXPRESSION_IN_LATE_STAGE_BRANCHING_MORPHOGENESIS_PANCREATIC_BUD_PRECURSOR_CELLS","REACTOME_REGULATION_OF_GENE_EXPRESSION_IN_LATE_STAGE_BRANCHING_MORPHOGENESIS_PANCREATIC_BUD_PRECURSOR_CELLS",14,0.920534414179058,2.06191654155545,0.000293808076313105,0.0246344999053208,0.0213271058682865,1,"tags=7%, list=0%, signal=7%","MAML1"
"KEGG_CHEMOKINE_SIGNALING_PATHWAY","KEGG_CHEMOKINE_SIGNALING_PATHWAY","KEGG_CHEMOKINE_SIGNALING_PATHWAY",150,0.624315426125592,1.95738886189453,0.000293537302674705,0.0246344999053208,0.0213271058682865,2024,"tags=35%, list=15%, signal=31%","CXCR4/CCL4/CXCR5/XCR1/ADCY4/RASGRP2/CCL13/CCL2/XCL1/CCR9/CCR6/CCR4/NCF1/CCR7/DOCK2/CXCL13/GNB5/ITK/JAK3/GRK3/FGR/WAS/PIK3CD/CXCL12/PRKCB/GNG13/RAC2/CCL22/GNB4/CCR2/VAV1/CCL21/GNG2/ADCY7/PREX1/GNG7/TIAM1/SHC2/PLCB2/ELMO1/CCL19/CXCL14/TIAM2/XCL2/CCL14/GNGT2/HCK/ADCY3/GRK5/GNAI2/CCL5/GNG10/CCR5"
"GOBP_METAL_ION_HOMEOSTASIS","GOBP_METAL_ION_HOMEOSTASIS","GOBP_METAL_ION_HOMEOSTASIS",458,0.481970613441444,1.60396676735444,0.000291416433105014,0.0246344999053208,0.0213271058682865,2399,"tags=28%, list=17%, signal=24%","TMPRSS6/P2RX5/CXCR4/LTF/GP1BA/CXCR5/XCR1/SLC39A7/CP/PTGFR/S1PR3/SCARA5/P2RY8/CCL13/MS4A1/P2RY10/PTPRC/CD19/TNFSF11/XCL1/GPR199P/CCR9/FAM20A/CD40/CCR6/CCR4/BMP6/CCR7/SLC46A1/GPR174/ADORA2A/EDNRB/C3AR1/WNT5A/CXCL13/P2RY6/CORO1A/SV2A/GPR65/ITPR1/S1PR1/JAK3/GPR18/ANXA6/CD52/NALF2/LCK/PDGFRA/FYN/MT3/CXCL12/UPK3A/TMEM38A/PRKCB/TRPC3/SCNN1G/TRPV2/FPR3/APOE/TMC8/S1PR4/STC1/SCN7A/ACKR3/LPAR3/ATP1A3/KCTD17/CCR2/SLC41A1/C1QTNF1/CCL21/SLC8A1/RYR1/CD38/ANK2/PRNP/CLIC2/CD36/SLC12A4/AKAP6/SCGN/PRKD1/THY1/CASR/CIB2/CCL19/MLLT6/SLC11A2/MT1DP/DMD/SWAP70/CNR1/FRRS1/SGCD/CCL14/NMB/ATP1B2/P2RX7/SMDT1/GPR55/GNAI2/PLCG2/KCTD7/SLC22A17/CCL5/BCL2/SLC24A3/KCNQ1/CACNA2D1/CCR5/GRINA/ATP7A/FKBP1B/SNX10/STEAP2/ADCY5/CCR1/CYSLTR1/DLG4/CMKLR1/STEAP1/MCUB/MCOLN3/GRIN2B/PIK3CG/GSTO1/UBASH3B/CUTC/PTPN6"
"REACTOME_RUNX3_REGULATES_NOTCH_SIGNALING","REACTOME_RUNX3_REGULATES_NOTCH_SIGNALING","REACTOME_RUNX3_REGULATES_NOTCH_SIGNALING",14,0.918188187765256,2.05666119968193,0.000307882550330265,0.0254335134223805,0.0220188449307403,1,"tags=7%, list=0%, signal=7%","MAML1"
"GOBP_T_CELL_ACTIVATION_INVOLVED_IN_IMMUNE_RESPONSE","GOBP_T_CELL_ACTIVATION_INVOLVED_IN_IMMUNE_RESPONSE","GOBP_T_CELL_ACTIVATION_INVOLVED_IN_IMMUNE_RESPONSE",84,0.718088471663095,2.11778504899819,0.00033107760936553,0.0268236532357111,0.0232223464868737,1334,"tags=38%, list=10%, signal=35%","HLA-DRA/HLA-DRB1/SPN/APBB1IP/CD1C/GPR183/EOMES/LCP1/NCKAP1L/JAK3/FOXP3/LY9/ITGAL/FCGR2B/BATF/CD74/GATA3/LEF1/RORA/SLAMF6/BCL6/IL12RB1/IL18R1/ANXA1/FCER1G/IRF4/LOXL3/LILRB1/HAVCR2/CCL19/CD86/TNFSF4"
"GOMF_PROTEIN_HETERODIMERIZATION_ACTIVITY","GOMF_PROTEIN_HETERODIMERIZATION_ACTIVITY","GOMF_PROTEIN_HETERODIMERIZATION_ACTIVITY",240,-0.504728968257015,-1.82749761704949,0.000329642321886389,0.0268236532357111,0.0232223464868737,958,"tags=13%, list=7%, signal=13%","SLC51B/CENPS/AURKA/H2AC13/CENPA/BCL2L10/H3C10/H2AC18/GABBR1/NR4A1/SYT5/H2BC6/MAPK4/H2BC9/H3C6/TPM2/ABCG8/H4C14/H2AC6/H3C8/ATP1A2/H2AC17/H2BC21/ATF3/H4C8/ADRA1B/H2BC4/H2BC11/H2AC20/SLC51A/KRT1/H2AC19"
"WP_TCELL_ACTIVATION_SARSCOV2","WP_TCELL_ACTIVATION_SARSCOV2","WP_TCELL_ACTIVATION_SARSCOV2",76,0.73464986335747,2.14223319715259,0.000349791482880608,0.0280239571443306,0.0242614992454697,1320,"tags=38%, list=10%, signal=35%","HLA-DRA/HLA-DRB1/CD28/CARD11/ITPR1/NFATC1/CD3E/LCK/FYN/CD4/PIK3CD/CD3G/PRKCQ/CTLA4/CD3D/RASGRP1/IL12RB2/ICOS/CD247/IL12RB1/IL18R1/ZAP70/GRAP2/CDKN2A/LCP2/LAT/STAT4/CCL19/CD86"
"GOBP_CELL_PART_MORPHOGENESIS","GOBP_CELL_PART_MORPHOGENESIS","GOBP_CELL_PART_MORPHOGENESIS",500,0.470183253892738,1.57129558620074,0.000352544440695353,0.0280239571443306,0.0242614992454697,2409,"tags=29%, list=17%, signal=25%","CXCR4/GDF7/RELN/UST/EPHA3/WNT3/PHACTR1/CNTN2/SLIT3/CHL1/RHOH/UCHL1/EGR2/SLITRK6/ADORA2A/NCKAP1L/WNT5A/CNTNAP2/DCDC2/DSCAML1/DCLK1/ITGA4/GLI3/GFRA3/CNTN1/KIF5C/NGFR/DOCK10/CRPPA/NCAM1/PTPRM/BOC/TUBB2B/FYN/L1CAM/SMO/CHODL/MT3/CXCL12/TUBB3/APBB1/PRKCQ/RAC2/KLF7/GATA3/TRPV2/APOE/SMURF1/EMB/RET/LAMA2/LPAR3/PLEKHO1/EPHB6/PLXNC1/NRP2/FN1/SYT17/NRXN1/PDPN/SEMA3E/CSF1R/NPTX1/CYFIP2/CDH11/PTCH1/MYCBP2/TCTN1/LRRK2/FZD3/CTNND2/SEMA3D/ABI3/NLGN3/MAPK8IP2/PTPRS/HECW2/PTN/TIAM1/VSTM2L/BCL11A/NEUROG3/MAP1B/THY1/SEMA4D/GAS7/ENAH/ROBO1/ISL1/SYNGAP1/ALCAM/SLC11A2/EFNA3/CHN1/FLOT1/MYOT/TIAM2/FEZ1/SGK1/MAP4K4/SNX2/NOTCH2/SPART/CDK5R1/AMIGO1/SYT1/PLXNA3/LAMB2/METRN/SH3GL2/MAP1A/PLXND1/B3GNT2/DBN1/KIRREL3/SDC2/SLC23A2/OPHN1/NFASC/KIAA0319/BCL2/NRP1/WASF1/FLRT3/STMN1/ABI2/DIXDC1/SLC9A6/ATP7A/FLRT2/PTPRO/ETV1/ARX/SHANK3/DLG4/EFNA5/SEMA4A/SLIT2/ADARB1/NRN1/ROBO4/CD44/LGR6/SEMA3F"
"GOMF_PEPTIDE_ANTIGEN_BINDING","GOMF_PEPTIDE_ANTIGEN_BINDING","GOMF_PEPTIDE_ANTIGEN_BINDING",23,0.898211876767927,2.19199859307183,0.00036884711986124,0.028837933839854,0.02496619255065,281,"tags=43%, list=2%, signal=43%","MAML1/HLA-DRA/HLA-DRB5/HLA-C/HLA-B/HLA-DRB1/HLA-F/HLA-E/HLA-DPB1/CD209"
"GOBP_B_CELL_DIFFERENTIATION","GOBP_B_CELL_DIFFERENTIATION","GOBP_B_CELL_DIFFERENTIATION",105,0.693708632950112,2.10266856758742,0.000369629344256377,0.028837933839854,0.02496619255065,1463,"tags=37%, list=11%, signal=33%","SFRP1/CR2/CD79B/CD40LG/CR1/AICDA/MS4A1/CARD11/VCAM1/PTPRC/CD19/BTK/HHEX/IKZF3/GPR183/NCKAP1L/DOCK11/ST3GAL1/ITGA4/JAK3/DOCK10/POU2AF1/FCRL3/LYL1/FCGR2B/ITM2A/SPI1/CD79A/TLR9/BCL6/MFNG/IL4I1/CMTM7/SLAMF8/LGALS1/ATM/NFAM1/ADA/IRF8"
"BIOCARTA_BLYMPHOCYTE_PATHWAY","BIOCARTA_BLYMPHOCYTE_PATHWAY","BIOCARTA_BLYMPHOCYTE_PATHWAY",11,0.961269034937453,2.06900330371665,0.00038073159813521,0.0294316004209842,0.0254801542740416,537,"tags=91%, list=4%, signal=87%","HLA-DRA/HLA-DRB5/CR2/HLA-DRB1/CR1/PTPRC/CD40/ITGAL/FCGR2B/ITGB2"
"BIOCARTA_TH1TH2_PATHWAY","BIOCARTA_TH1TH2_PATHWAY","BIOCARTA_TH1TH2_PATHWAY",16,0.876988301413506,2.006441696314,0.00041750584289024,0.0314098592160104,0.0271928147671932,930,"tags=62%, list=7%, signal=58%","HLA-DRA/HLA-DRB5/HLA-DRB1/CD40LG/CD28/IL2RA/CD40/IL12RB2/IL12RB1/IL18R1"
"GOBP_T_CELL_PROLIFERATION","GOBP_T_CELL_PROLIFERATION","GOBP_T_CELL_PROLIFERATION",165,0.61071993102714,1.9220838272517,0.000416326242204911,0.0314098592160104,0.0271928147671932,1752,"tags=40%, list=13%, signal=35%","TNFRSF13C/HLA-DRB1/CD40LG/CR1/CD28/TMEM131L/CARD11/VCAM1/PTPRC/VSIG4/SPN/CD6/IL2RA/XCL1/HLA-E/GPNMB/HLA-DPB1/CD209/DOCK2/NCKAP1L/SASH3/CORO1A/DOCK8/JAK3/TNFSF9/FOXP3/RASAL3/SLAMF1/GJA1/CD3E/FYN/PRKCQ/BMP4/CTLA4/RAC2/RASGRP1/MSN/CRTAM/CCR2/BTN2A2/TNFSF8/HLA-DPA1/IL12RB1/IL4I1/ZAP70/PRNP/ANXA1/TNFSF14/PLA2G2D/EBI3/CD1D/LILRB1/HAVCR2/TNFRSF4/CCL19/CD86/TNFSF4/CADM1/TWSG1/AIF1/TMIGD2/IDO1/CD81/P2RX7/GLMN/TNFRSF1B"
"REACTOME_M_PHASE","REACTOME_M_PHASE","REACTOME_M_PHASE",361,-0.438998302081553,-1.52818856805696,0.000410130300770945,0.0314098592160104,0.0271928147671932,2583,"tags=32%, list=19%, signal=26%","AKAP9/CHMP2B/LMNB1/DYNC1LI1/ANAPC7/GORASP1/PSMB9/CENPI/CENPM/PSME3/CHMP3/ODF2/AHCTF1/PSMB2/NUMA1/BLZF1/TUBGCP5/NDC1/H3-3B/GOLGA2/PSMD5/KMT5A/SMC4/NCAPG2/ANAPC15/PPP2CB/MAPK3/MAD2L1/CENPU/NDEL1/CSNK1D/ZWILCH/CEP152/SMC2/CENPT/PLK4/NDC80/HAUS7/CENPL/ANAPC4/ITGB3BP/HAUS5/TUBA1C/H2AC8/MASTL/CENPP/KNL1/NCAPD2/CDK1/AAAS/NCAPD3/ERCC6L/H2BC12/ZWINT/TUBB2A/CENPO/RANGAP1/KNTC1/H2AX/CEP135/CDCA8/SPDL1/CDCA5/TUBB/H2BC5/PRKACA/SKA1/NINL/NCAPG/AURKB/CCNB1/UBE2S/BUB1B/BUB1/INCENP/RCC1/CCNB2/PCNT/SGO2/NEK2/PTTG1/CENPS/UBE2C/TUBG2/ESPL1/NCAPH/KIF23/CENPA/H3C10/BIRC5/SGO1/CDC20/CENPF/KIF2C/KIF18A/LPIN3/H2BC6/H2BC9/H3C6/H4C14/H2AC6/PLK1/SPC25/H3C8/H2BC21/CENPE/SPC24/H4C8/KIF20A/H2BC4/H2BC11/H2AC20/PSMB8/TUBA8"
"GOBP_LEUKOCYTE_MEDIATED_CYTOTOXICITY","GOBP_LEUKOCYTE_MEDIATED_CYTOTOXICITY","GOBP_LEUKOCYTE_MEDIATED_CYTOTOXICITY",95,0.699825742777347,2.09975311894902,0.000427984821340636,0.0319132752620903,0.0276286428681007,1779,"tags=41%, list=13%, signal=36%","HLA-DRA/HLA-B/HLA-DRB1/SH2D1A/PTPRC/HLA-F/XCL1/HLA-E/CD1C/NCKAP1L/IL7R/CORO1A/FCGR2B/CTSG/SPI1/SLAMF6/RASGRP1/STAP1/CRTAM/CD226/VAV1/TYROBP/IL12RB1/MR1/LAG3/CD1D/SERPINB9/LILRB1/CTSH/HAVCR2/KLRK1/KLRD1/CD160/CADM1/FCGR3A/NLRP6/P2RX7/SLAMF7/KLRC1"
"BIOCARTA_CSK_PATHWAY","BIOCARTA_CSK_PATHWAY","BIOCARTA_CSK_PATHWAY",18,0.90840439612403,2.11898769501588,0.00045615024937876,0.0337151052742582,0.0291885616638487,951,"tags=61%, list=7%, signal=57%","HLA-DRA/HLA-DRB5/HLA-DRB1/PTPRC/CD3E/LCK/CD4/CD3G/CD3D/CD247/ZAP70"
"GOBP_B_CELL_RECEPTOR_SIGNALING_PATHWAY","GOBP_B_CELL_RECEPTOR_SIGNALING_PATHWAY","GOBP_B_CELL_RECEPTOR_SIGNALING_PATHWAY",51,0.804536499759706,2.22306575466489,0.000475155191434631,0.0345142900261052,0.0298804489713429,1930,"tags=71%, list=14%, signal=61%","CD22/CD79B/BANK1/MS4A1/PTPRC/CD19/BTK/BLK/LAT2/NCKAP1L/ITK/RFTN1/MNDA/TRBC1/FCRL3/KLHL6/FCGR2B/LCK/PIK3CD/PRKCB/CTLA4/CD79A/STAP1/SH2B2/CD300A/NFATC2/PRKCH/CD38/CMTM3/MEF2C/NFAM1/CD81/PLCG2/LPXN/BCL2/PTPN22"
"GOCC_T_CELL_RECEPTOR_COMPLEX","GOCC_T_CELL_RECEPTOR_COMPLEX","GOCC_T_CELL_RECEPTOR_COMPLEX",16,0.869304615701762,1.98886236558796,0.000472712043659758,0.0345142900261052,0.0298804489713429,951,"tags=75%, list=7%, signal=70%","TRAT1/APBB1IP/TRAC/TRAV13-1/CD3E/CD4/TRDV1/CD3G/CD3D/CD247/SKAP1/ZAP70"
"GOBP_CELL_MORPHOGENESIS_INVOLVED_IN_NEURON_DIFFERENTIATION","GOBP_CELL_MORPHOGENESIS_INVOLVED_IN_NEURON_DIFFERENTIATION","GOBP_CELL_MORPHOGENESIS_INVOLVED_IN_NEURON_DIFFERENTIATION",416,0.484349222002583,1.60751204433102,0.000480791314096021,0.0346251932698553,0.0299764624982944,2409,"tags=30%, list=17%, signal=25%","GDF7/RELN/UST/EPHA3/WNT3/PHACTR1/CNTN2/SLIT3/CHL1/RHOH/UCHL1/EGR2/SLITRK6/WNT5A/DCDC2/DSCAML1/DCLK1/ITGA4/GLI3/GFRA3/CNTN1/KIF5C/NGFR/DOCK10/CRPPA/NCAM1/PTPRM/BOC/TUBB2B/FYN/L1CAM/SMO/CHODL/MT3/CXCL12/TUBB3/APBB1/PRKCQ/RAC2/KLF7/GATA3/TRPV2/APOE/CFAP418/EMB/RET/LAMA2/LPAR3/EPHB6/PLXNC1/NRP2/FN1/NRXN1/SEMA3E/CSF1R/NPTX1/CDH11/PTCH1/MYCBP2/TCTN1/LRRK2/FZD3/CTNND2/SEMA3D/ABI3/NLGN3/MAPK8IP2/PTPRS/HECW2/PTN/TIAM1/VSTM2L/NEUROG3/MAP1B/THY1/SEMA4D/MEF2C/ENAH/ROBO1/ISL1/SYNGAP1/ALCAM/SLC11A2/EFNA3/CHN1/FLOT1/MYOT/TIAM2/FEZ1/NOTCH2/SPART/CDK5R1/AMIGO1/PLXNA3/LAMB2/METRN/MAP1A/PLXND1/B3GNT2/DBN1/SDC2/OPHN1/NFASC/KIAA0319/BCL2/NRP1/FLRT3/STMN1/ABI2/DIXDC1/SLC9A6/FLRT2/PTPRO/ETV1/ARX/SHANK3/DLG4/EFNA5/SEMA4A/SLIT2/ADARB1/ROBO4/LGR6/SEMA3F"
"REACTOME_NOTCH_HLH_TRANSCRIPTION_PATHWAY","REACTOME_NOTCH_HLH_TRANSCRIPTION_PATHWAY","REACTOME_NOTCH_HLH_TRANSCRIPTION_PATHWAY",27,0.858941543630727,2.15252308112897,0.000484909590279289,0.0346258322685872,0.0299770157059364,1,"tags=4%, list=0%, signal=4%","MAML1"
"GOBP_POSITIVE_REGULATION_OF_LYMPHOCYTE_MEDIATED_IMMUNITY","GOBP_POSITIVE_REGULATION_OF_LYMPHOCYTE_MEDIATED_IMMUNITY","GOBP_POSITIVE_REGULATION_OF_LYMPHOCYTE_MEDIATED_IMMUNITY",91,0.706891802378846,2.10227989834264,0.000524598245890563,0.0371450825199486,0.0321580348874091,1692,"tags=41%, list=12%, signal=36%","HLA-DRA/FCER2/HLA-B/HLA-DRB1/SH2D1A/CD28/PTPRC/HLA-F/XCL1/BTK/CD40/HLA-E/CD1C/SASH3/TGFB1/FOXP3/SLAMF1/C3/GATA3/SLAMF6/RASGRP1/CRTAM/CD226/VAV1/IL12RB1/IL18R1/MR1/LAG3/CD1D/KLRK1/KLRD1/TNFSF4/CD160/CADM1/CD81/P2RX7/IL1R1"
"GOBP_LEUKOCYTE_CHEMOTAXIS","GOBP_LEUKOCYTE_CHEMOTAXIS","GOBP_LEUKOCYTE_CHEMOTAXIS",171,0.605540277509849,1.9131858461185,0.000589302475479479,0.0413788554865841,0.0358233873251999,2337,"tags=46%, list=17%, signal=39%","CXCR4/CCL4/CXCR5/CCL13/CNR2/RIPOR2/FOLR2/CCL2/TNFSF11/XCL1/CCR6/CCR7/GPR183/SERPINE1/EDNRB/PLA2G7/C3AR1/NCKAP1L/WNT5A/CXCL13/CORO1A/IL16/S1PR1/GPR18/CSF3R/SLAMF1/ITGB2/PIK3CD/CXCL12/CD74/CTSG/SPI1/RAC2/CCL22/GPSM3/STAP1/CCR2/VAV1/CSF1R/CCL21/VEGFC/ARHGEF5/CSF1/ANXA1/FCER1G/PGF/ANO6/RARRES2/TNFSF14/SLAMF8/LGMN/PTN/PREX1/KLRK1/ITGA9/DDT/CCL19/VEGFB/CYP7B1/ADGRE2/PDE4B/XCL2/SWAP70/AIF1/CAMK1D/CCL14/PDGFB/CCL5/CCR5/MIF/JAM3/PTPRO/ADAM8/CCR1/CHGA/CMKLR1/C5/PIK3CG/SLIT2"
"REACTOME_SIGNALING_BY_NOTCH1","REACTOME_SIGNALING_BY_NOTCH1","REACTOME_SIGNALING_BY_NOTCH1",70,0.747050668899912,2.15254248934448,0.000621664581860571,0.0425865509492453,0.0368689392579697,401,"tags=4%, list=3%, signal=4%","MAML1/DTX1/CNTN1"
"KEGG_ASTHMA","KEGG_ASTHMA","KEGG_ASTHMA",16,0.855242039977172,1.9566889166994,0.000617628792698179,0.0425865509492453,0.0368689392579697,994,"tags=62%, list=7%, signal=58%","HLA-DRA/HLA-DRB5/HLA-DRB1/CD40LG/CD40/HLA-DPB1/HLA-DMA/HLA-DOB/HLA-DPA1/FCER1G"
"GOBP_REGULATION_OF_PRODUCTION_OF_MOLECULAR_MEDIATOR_OF_IMMUNE_RESPONSE","GOBP_REGULATION_OF_PRODUCTION_OF_MOLECULAR_MEDIATOR_OF_IMMUNE_RESPONSE","GOBP_REGULATION_OF_PRODUCTION_OF_MOLECULAR_MEDIATOR_OF_IMMUNE_RESPONSE",132,0.586989871708958,1.82491487987409,0.000619321683735461,0.0425865509492453,0.0368689392579697,1930,"tags=35%, list=14%, signal=30%","CD22/CD40LG/CR1/CD28/PTPRC/HLA-F/SCIMP/XCL1/BTK/CD40/HLA-E/CD244/CLEC7A/WNT5A/SASH3/TGFB1/LAPTM5/JAK3/CD96/FOXP3/SLAMF1/FCRL3/FCGR2B/CAMK4/CD74/GATA3/ANGPT1/PKN1/TLR9/CD226/CCR2/BCL6/IL18R1/CD36/LILRB1/TNFRSF4/CD86/TNFSF4/CD160/GPRC5B/CD81/IL1R1/TNFRSF1B/PLCG2/BST2/PTPN22"
"WP_NOTCH_SIGNALING","WP_NOTCH_SIGNALING","WP_NOTCH_SIGNALING",40,0.835130162177197,2.24728874218917,0.000652151518020117,0.0439602295267001,0.0380581896410898,132,"tags=5%, list=1%, signal=5%","MAML1/DTX1"
"GOBP_MONONUCLEAR_CELL_MIGRATION","GOBP_MONONUCLEAR_CELL_MIGRATION","GOBP_MONONUCLEAR_CELL_MIGRATION",147,0.620666139690267,1.93928437269946,0.000648087539711077,0.0439602295267001,0.0380581896410898,2337,"tags=47%, list=17%, signal=39%","CXCR4/CCL4/CCL13/SPN/RIPOR2/FOLR2/CCL2/TNFSF11/XCL1/CCR6/CCR7/GPR183/SERPINE1/PLA2G7/C3AR1/WNT5A/CXCL13/ITGA4/DOCK8/S1PR1/APOD/SLAMF1/ITGB7/ITGAL/MYO1G/PIK3CD/CXCL12/CTSG/SPI1/GATA3/CCL22/RET/MSN/CRTAM/CCR2/CSF1R/CCL21/BMP5/ARHGEF5/ZAP70/CSF1/ANXA1/ASB2/ANO6/RARRES2/TNFSF14/SLAMF8/LGMN/KLRK1/CCL19/CYP7B1/CD200/SIRPA/XCL2/AIF1/CCL14/PDGFB/CCL5/JAM2/CCR5/PTPRO/LRCH1/ADAM8/TBX21/CCR1/CMKLR1/PECAM1/PIK3CG/SLIT2"
"GOMF_T_CELL_RECEPTOR_BINDING","GOMF_T_CELL_RECEPTOR_BINDING","GOMF_T_CELL_RECEPTOR_BINDING",10,0.907633759364513,1.9068869023467,0.000673186293465309,0.044663525265659,0.0386670618625329,995,"tags=80%, list=7%, signal=74%","HLA-DRA/HLA-DRB1/HLA-E/DOCK2/CD3E/LCK/CD3G/MR1"
"WP_FOXP3_IN_COVID19","WP_FOXP3_IN_COVID19","WP_FOXP3_IN_COVID19",12,0.851714472459305,1.85450552853011,0.000668679774466903,0.044663525265659,0.0386670618625329,1320,"tags=50%, list=10%, signal=45%","CD28/IL2RA/IL7R/FOXP3/IL2RB/CD86"
"BIOCARTA_CTLA4_PATHWAY","BIOCARTA_CTLA4_PATHWAY","BIOCARTA_CTLA4_PATHWAY",18,0.89362892175188,2.08452171431808,0.000692926718330754,0.0456140666301166,0.0394899848522378,845,"tags=67%, list=6%, signal=63%","HLA-DRA/HLA-DRB5/HLA-DRB1/CD28/ITK/CD3E/LCK/CD3G/CTLA4/CD3D/ICOS/CD247"
"WP_CANONICAL_AND_NONCANONICAL_NOTCH_SIGNALING","WP_CANONICAL_AND_NONCANONICAL_NOTCH_SIGNALING","WP_CANONICAL_AND_NONCANONICAL_NOTCH_SIGNALING",21,0.885219105752883,2.1017716069855,0.00071108087205808,0.0464462591314836,0.0402104483342513,1,"tags=5%, list=0%, signal=5%","MAML1"
"GOBP_AXON_DEVELOPMENT","GOBP_AXON_DEVELOPMENT","GOBP_AXON_DEVELOPMENT",358,0.498271323821007,1.64819815986801,0.000727389395245332,0.0471460234179782,0.0408162632311753,2409,"tags=32%, list=17%, signal=27%","GDF7/RELN/UST/EPHA3/WNT3/CNTN2/SLIT3/CHL1/RHOH/UCHL1/EGR2/SLITRK6/WNT5A/PLP1/DSCAML1/DCLK1/ITGA4/GLI3/GFRA3/CNTN1/KIF5C/NGFR/CRPPA/APOD/NCAM1/PTPRM/BOC/TUBB2B/FYN/L1CAM/SMO/CHODL/MT3/CXCL12/TUBB3/APBB1/PRKCQ/RAC2/KLF7/GATA3/TRPV2/APOE/MMP2/EMB/RET/LAMA2/LPAR3/EPHB6/PLXNC1/NRP2/FN1/NRXN1/SEMA3E/CSF1R/NPTX1/CDH11/PTCH1/MYCBP2/TCTN1/FZD3/SEMA3D/NLGN3/PTPRS/PTN/TIAM1/VSTM2L/MAP1B/THY1/SEMA4D/ENAH/ROBO1/NREP/ISL1/SYNGAP1/ALCAM/EFNA3/CHN1/FLOT1/MYOT/TIAM2/FEZ1/TRIM32/CNR1/NOTCH2/SPART/CDK5R1/AMIGO1/PLXNA3/LAMB2/METRN/MAP1A/PLXND1/B3GNT2/DBN1/OPHN1/NFASC/KIAA0319/BCL2/NRP1/FLRT3/STMN1/DIXDC1/VASH2/SLC9A6/FLRT2/PTPRO/ETV1/FKBP1B/ARX/EFNA5/SEMA4A/SLIT2/ADARB1/ROBO4/LGR6/SEMA3F"
"GOBP_MITOTIC_NUCLEAR_DIVISION","GOBP_MITOTIC_NUCLEAR_DIVISION","GOBP_MITOTIC_NUCLEAR_DIVISION",267,-0.467469993422924,-1.72254617715088,0.000734585611996526,0.047248995165517,0.0409054101336756,2578,"tags=36%, list=19%, signal=30%","EDN3/NUMA1/TGFA/PDCD6IP/BORA/CCDC61/CDC6/GOLGA2/INSR/DIS3L2/KMT5A/SMC4/NCAPG2/ANAPC15/AURKAIP1/CAV2/MAD2L1/NDEL1/ZWILCH/TOM1L2/CHMP1B/SMC2/TENT4A/NDC80/ANAPC4/PHF13/HOXA13/PRAP1/NCAPD2/APC/MAP9/AAAS/NCAPD3/ZWINT/NUSAP1/TACC3/KNTC1/CDCA8/SPDL1/CDCA5/PSRC1/KIFC2/EREG/KIF20B/TPX2/NCAPG/AURKB/CCNB1/RACGAP1/UBE2S/BUB1B/EPS8/CDC25C/BUB1/MTBP/CHEK1/RCC1/PRC1/KIF4A/MISP/SGO2/NEK2/PTTG1/CDCA2/KNSTRN/UBE2C/PKMYT1/SPAG5/TUBG2/AURKA/TTK/KIF11/KIF18B/ESPL1/NCAPH/MYBL2/TRIP13/GEN1/KIF23/SGO1/CDC20/KIFC1/CENPF/CEP55/KIF2C/KIF18A/MKI67/DLGAP5/ANLN/PLK1/KIF14/CENPE/IL1B/HSPA1A/IL1A/HSPA1B"
"GOCC_MHC_CLASS_II_PROTEIN_COMPLEX","GOCC_MHC_CLASS_II_PROTEIN_COMPLEX","GOCC_MHC_CLASS_II_PROTEIN_COMPLEX",14,0.870530774545592,1.94991276406477,0.000746241123143144,0.0476350583606374,0.0412396410158054,905,"tags=64%, list=7%, signal=60%","HLA-DRA/HLA-DRB5/HLA-DRB1/HLA-DPB1/HLA-DMA/CD74/HLA-DOB/HLA-DPA1/HLA-DQB2"
"GOBP_DIVALENT_INORGANIC_CATION_HOMEOSTASIS","GOBP_DIVALENT_INORGANIC_CATION_HOMEOSTASIS","GOBP_DIVALENT_INORGANIC_CATION_HOMEOSTASIS",341,0.50072881745709,1.64810987883921,0.000760730560590456,0.0481948549137984,0.0417242800545458,2399,"tags=31%, list=17%, signal=26%","P2RX5/CXCR4/GP1BA/CXCR5/XCR1/SLC39A7/PTGFR/S1PR3/P2RY8/CCL13/MS4A1/P2RY10/PTPRC/CD19/TNFSF11/XCL1/GPR199P/CCR9/FAM20A/CD40/CCR6/CCR4/CCR7/GPR174/EDNRB/C3AR1/WNT5A/CXCL13/P2RY6/CORO1A/SV2A/GPR65/ITPR1/S1PR1/JAK3/GPR18/ANXA6/CD52/NALF2/LCK/PDGFRA/FYN/MT3/CXCL12/TMEM38A/PRKCB/TRPC3/TRPV2/FPR3/APOE/TMC8/S1PR4/STC1/ACKR3/LPAR3/KCTD17/CCR2/SLC41A1/C1QTNF1/CCL21/SLC8A1/RYR1/CD38/ANK2/PRNP/CLIC2/CD36/AKAP6/SCGN/PRKD1/THY1/CASR/CIB2/CCL19/MT1DP/DMD/SWAP70/CNR1/SGCD/CCL14/NMB/P2RX7/SMDT1/GPR55/PLCG2/CCL5/BCL2/SLC24A3/CACNA2D1/CCR5/GRINA/FKBP1B/SNX10/ADCY5/CCR1/CYSLTR1/DLG4/CMKLR1/MCUB/MCOLN3/GRIN2B/PIK3CG/GSTO1/UBASH3B/PTPN6"
"GOMF_GLYCOSAMINOGLYCAN_BINDING","GOMF_GLYCOSAMINOGLYCAN_BINDING","GOMF_GLYCOSAMINOGLYCAN_BINDING",152,0.617787113305708,1.9378348352533,0.000776157547881099,0.0484437296181196,0.0419397411837506,1496,"tags=41%, list=11%, signal=37%","SFRP1/SELL/LTF/SERPINA5/TNXB/PCOLCE2/SLIT3/RSPO3/PTPRC/CFH/GPNMB/DCN/SPOCK2/FBLN7/CXCL13/EGFLAM/POSTN/FBN1/SULF1/ANXA6/ADAMTS1/CCDC80/LTBP2/THBS2/CRISPLD2/COL13A1/CCN4/VCAN/CHODL/APOH/BMP4/CTSG/HAPLN1/APOE/LAYN/APOB/FSTL1/NRP2/FN1/PCOLCE/HAPLN4/PTCH1/PRNP/PGF/COL5A1/FGF9/PLA2G2D/LYVE1/DPYSL3/PRELP/PTPRS/PTN/FGF7/SMOC2/ADAMTSL5/VEGFB/JCHAIN/ADAMTS8/ADGRE2/SELP/FGFR1/NELL2"
"GOBP_MYELOID_LEUKOCYTE_MIGRATION","GOBP_MYELOID_LEUKOCYTE_MIGRATION","GOBP_MYELOID_LEUKOCYTE_MIGRATION",163,0.6095404183103,1.91775715290054,0.000776157547881099,0.0484437296181196,0.0419397411837506,2337,"tags=47%, list=17%, signal=39%","CCL4/CCL13/RIPOR2/FOLR2/CCL2/TNFSF11/XCL1/RHOH/CCR7/SERPINE1/EDNRB/PLA2G7/C3AR1/NCKAP1L/CXCL13/OLFM4/CSF3R/SLAMF1/ITGB2/PIK3CD/CXCL12/CD74/CTSG/SPI1/RAC2/CCL22/GP2/STAP1/CCR2/VAV1/CD300A/CSF1R/CCL21/VEGFC/ARHGEF5/CSF1/ANXA1/FCER1G/PGF/ANO6/RARRES2/SLAMF8/LGMN/PREX1/ITGA9/DDT/CCL19/VEGFB/ROR2/CD200/ADGRE2/SIRPA/EMILIN1/PDE4B/XCL2/SWAP70/AIF1/CAMK1D/CCL14/CD81/UMODL1/IL1R1/PDGFB/CD177/CCL5/MIF/JAM3/PTPRO/ADAM8/CCR1/CHGA/CMKLR1/C5/PECAM1/PIK3CG/SLIT2"
"GOBP_MUSCLE_CELL_DIFFERENTIATION","GOBP_MUSCLE_CELL_DIFFERENTIATION","GOBP_MUSCLE_CELL_DIFFERENTIATION",264,0.533319589786137,1.72930373209991,0.00079173844603697,0.049052854016967,0.0424670853795371,1730,"tags=20%, list=12%, signal=18%","MAML1/RIPOR2/SIK1/RBM24/UCHL1/WFIKKN1/CD53/EDNRB/TGFB1/NFATC1/ADAM12/WNT5B/ALPK2/PDGFRA/SMO/OLFM2/BMP4/LOX/RORA/TMEM119/PLEKHO1/NRG1/SYNE1/NFATC2/SLC8A1/RYR1/ANK2/ASB2/FGF9/TNFSF14/HOPX/AKAP6/PDGFRB/MEF2C/HOMER1/SGCB/ISL1/SOX6/QKI/CAMK1/FLOT1/RBM38/DMD/TRIM32/NEBL/GDF15/TMEM204/SGCD/BVES/CD81/TMOD2/PDGFB/GLMN"
"WP_CHEMOKINE_SIGNALING_PATHWAY","WP_CHEMOKINE_SIGNALING_PATHWAY","WP_CHEMOKINE_SIGNALING_PATHWAY",138,0.618429134724535,1.92488984327904,0.000801141829708802,0.0492731464023822,0.0426578016126162,1959,"tags=34%, list=14%, signal=30%","CXCR4/CCL4/CXCR5/XCR1/ADCY4/RASGRP2/XCL1/CCR9/CCR6/CCR4/NCF1/CCR7/DOCK2/CXCL13/GNB5/ITK/JAK3/FGR/WAS/PIK3CD/CXCL12/PRKCB/GNG13/RAC2/CCL22/GNB4/CCR2/VAV1/CCL21/GNG2/ADCY7/PREX1/GNG7/TIAM1/SHC2/PLCB2/ELMO1/CCL19/CXCL14/TIAM2/GNGT2/HCK/ADCY3/GRK5/GNAI2/CCL5/GNG10"
"GOBP_POSITIVE_REGULATION_OF_LEUKOCYTE_PROLIFERATION","GOBP_POSITIVE_REGULATION_OF_LEUKOCYTE_PROLIFERATION","GOBP_POSITIVE_REGULATION_OF_LEUKOCYTE_PROLIFERATION",123,0.639062035168966,1.96463193608681,0.000811186035790222,0.0495293734606407,0.0428796279788424,2092,"tags=49%, list=15%, signal=42%","TNFRSF13C/CD40LG/CD28/CARD11/VCAM1/PTPRC/CD6/IL2RA/XCL1/CD40/HLA-E/HLA-DPB1/GPR183/CD209/NCKAP1L/SASH3/CORO1A/JAK3/TNFSF9/FOXP3/RASAL3/SLAMF1/FCRL3/CD3E/PRKCQ/CD74/TLR9/CCR2/HLA-DPA1/BCL6/CSF1R/NFATC2/IL12RB1/ZAP70/CSF1/CD38/ANXA1/EBI3/CSF2RA/CD1D/HAVCR2/ST6GAL1/MEF2C/TNFRSF4/CCL19/CD86/TNFSF4/ADA/FCGR3A/AIF1/TMIGD2/CD81/MPL/CCL5/BST2/BCL2/PTPN22/ICOSLG/TNFSF13B/MIF"
"REACTOME_SIGNALING_BY_NOTCH1_PEST_DOMAIN_MUTANTS_IN_CANCER","REACTOME_SIGNALING_BY_NOTCH1_PEST_DOMAIN_MUTANTS_IN_CANCER","REACTOME_SIGNALING_BY_NOTCH1_PEST_DOMAIN_MUTANTS_IN_CANCER",56,0.784468828703321,2.1815076474805,0.000817259417947349,0.0495412075944199,0.0428898732781153,1,"tags=2%, list=0%, signal=2%","MAML1"
